Date_add,Weekday,Symbol,Strategy,Buy_Price,Buy_Level,Shares Purchased,Dollars Invested,Cumulative Shares,Cumulative Invested,Cumulative Value,Close,Previous_Close,Low
"2025-01-06","Sunday","TQQQ","Buy_on_Dip",83.875,"1%",1,83.875,1,83.875,80.1585,80.1585,84.7222,79.25368361492309
"2025-01-06","Sunday","TQQQ","Buy_on_Dip",83.0278,"2%",1,83.0278,2,166.9027,160.317,80.1585,84.7222,79.25368361492309
"2025-01-06","Sunday","TQQQ","Buy_on_Dip",82.1805,"3%",1,82.1805,3,249.0833,240.4754,80.1585,84.7222,79.25368361492309
"2025-01-06","Sunday","TQQQ","Buy_on_Dip",81.3333,"4%",1,81.3333,4,330.4166,320.6339,80.1585,84.7222,79.25368361492309
"2025-01-06","Sunday","TQQQ","Buy_on_Dip",80.4861,"5%",1,80.4861,5,410.9027,400.7924,80.1585,84.7222,79.25368361492309
"2025-01-07","Monday","TQQQ","Buy_on_Dip",79.3569,"1%",1,79.3569,6,490.2596,481.3088,80.2181,80.1585,77.99095745683971
"2025-01-07","Monday","TQQQ","Buy_on_Dip",78.5553,"2%",1,78.5553,7,568.8149,561.5269,80.2181,80.1585,77.99095745683971
"2025-01-09","Wednesday","TQQQ","Buy_on_Dip",79.416,"1%",1,79.416,8,648.2308,611.1214,76.3902,80.2181,74.79933586650247
"2025-01-09","Wednesday","TQQQ","Buy_on_Dip",78.6138,"2%",1,78.6138,9,726.8446,687.5116,76.3902,80.2181,74.79933586650247
"2025-01-09","Wednesday","TQQQ","Buy_on_Dip",77.8116,"3%",1,77.8116,10,804.6562,763.9017,76.3902,80.2181,74.79933586650247
"2025-01-09","Wednesday","TQQQ","Buy_on_Dip",77.0094,"4%",1,77.0094,11,881.6656,840.2919,76.3902,80.2181,74.79933586650247
"2025-01-09","Wednesday","TQQQ","Buy_on_Dip",76.2072,"5%",1,76.2072,12,957.8728,916.6821,76.3902,80.2181,74.79933586650247
"2025-01-12","Saturday","TQQQ","Buy_on_Dip",75.6263,"1%",1,75.6263,13,1033.4991,982.7318,75.5948,76.3902,72.9201538396754
"2025-01-12","Saturday","TQQQ","Buy_on_Dip",74.8624,"2%",1,74.8624,14,1108.3614,1058.3266,75.5948,76.3902,72.9201538396754
"2025-01-12","Saturday","TQQQ","Buy_on_Dip",74.0985,"3%",1,74.0985,15,1182.4599,1133.9214,75.5948,76.3902,72.9201538396754
"2025-01-12","Saturday","TQQQ","Buy_on_Dip",73.3346,"4%",1,73.3346,16,1255.7945,1209.5161,75.5948,76.3902,72.9201538396754
"2025-01-13","Sunday","TQQQ","Buy_on_Dip",74.8388,"1%",1,74.8388,17,1330.6333,1280.547,75.3263,75.5948,73.76528212942418
"2025-01-13","Sunday","TQQQ","Buy_on_Dip",74.0829,"2%",1,74.0829,18,1404.7162,1355.8733,75.3263,75.5948,73.76528212942418
"2025-01-15","Tuesday","TQQQ","Buy_on_Dip",79.6128,"1%",1,79.6128,19,1484.329,1496.7523,78.7764,80.417,78.74660122085962
"2025-01-15","Tuesday","TQQQ","Buy_on_Dip",78.8086,"2%",1,78.8086,20,1563.1376,1575.5287,78.7764,80.417,78.74660122085962
"2025-01-22","Tuesday","TQQQ","Buy_on_Dip",86.4244,"1%",1,86.4244,21,1649.562,1844.5198,87.8343,87.2974,85.77612477289892
"2025-01-23","Wednesday","TQQQ","Buy_on_Dip",86.9559,"1%",1,86.9559,22,1736.518,1897.5745,86.2534,87.8343,85.51762580901911
"2025-01-23","Wednesday","TQQQ","Buy_on_Dip",86.0776,"2%",1,86.0776,23,1822.5955,1983.8279,86.2534,87.8343,85.51762580901911
"2025-01-26","Saturday","TQQQ","Buy_on_Dip",85.3909,"1%",1,85.3909,24,1907.9864,1888.4868,78.687,86.2534,76.73817190561512
"2025-01-26","Saturday","TQQQ","Buy_on_Dip",84.5283,"2%",1,84.5283,25,1992.5147,1967.1738,78.687,86.2534,76.73817190561512
"2025-01-26","Saturday","TQQQ","Buy_on_Dip",83.6658,"3%",1,83.6658,26,2076.1805,2045.8607,78.687,86.2534,76.73817190561512
"2025-01-26","Saturday","TQQQ","Buy_on_Dip",82.8033,"4%",1,82.8033,27,2158.9838,2124.5477,78.687,86.2534,76.73817190561512
"2025-01-26","Saturday","TQQQ","Buy_on_Dip",81.9407,"5%",1,81.9407,28,2240.9245,2203.2346,78.687,86.2534,76.73817190561512
"2025-01-27","Sunday","TQQQ","Buy_on_Dip",77.9001,"1%",1,77.9001,29,2318.8246,2383.1289,82.1769,78.687,77.55347522376096
"2025-01-28","Monday","TQQQ","Buy_on_Dip",81.3551,"1%",1,81.3551,30,2400.1796,2450.0931,81.6698,82.1769,79.80053452830812
"2025-01-28","Monday","TQQQ","Buy_on_Dip",80.5333,"2%",1,80.5333,31,2480.713,2531.7628,81.6698,82.1769,79.80053452830812
"2025-01-29","Tuesday","TQQQ","Buy_on_Dip",80.8531,"1%",1,80.8531,32,2561.566,2646.2039,82.6939,81.6698,80.3970971492932
"2025-01-30","Wednesday","TQQQ","Buy_on_Dip",81.8669,"1%",1,81.8669,33,2643.433,2714.1329,82.2465,82.6939,81.70954277034251
"2025-02-02","Saturday","TQQQ","Buy_on_Dip",81.424,"1%",1,81.424,34,2724.857,2728.7687,80.2579,82.2465,76.89724865778669
"2025-02-02","Saturday","TQQQ","Buy_on_Dip",80.6015,"2%",1,80.6015,35,2805.4585,2809.0266,80.2579,82.2465,76.89724865778669
"2025-02-02","Saturday","TQQQ","Buy_on_Dip",79.7791,"3%",1,79.7791,36,2885.2375,2889.2845,80.2579,82.2465,76.89724865778669
"2025-02-02","Saturday","TQQQ","Buy_on_Dip",78.9566,"4%",1,78.9566,37,2964.1941,2969.5424,80.2579,82.2465,76.89724865778669
"2025-02-02","Saturday","TQQQ","Buy_on_Dip",78.1341,"5%",1,78.1341,38,3042.3283,3049.8004,80.2579,82.2465,76.89724865778669
"2025-02-04","Monday","TQQQ","Buy_on_Dip",82.3394,"1%",1,82.3394,39,3124.6677,3285.9407,84.2549,83.1711,81.29195416775444
"2025-02-04","Monday","TQQQ","Buy_on_Dip",81.5077,"2%",1,81.5077,40,3206.1754,3370.1956,84.2549,83.1711,81.29195416775444
"2025-02-06","Wednesday","TQQQ","Buy_on_Dip",84.6624,"1%",1,84.6624,41,3290.8378,3372.5121,82.2564,85.5176,81.87856398890158
"2025-02-06","Wednesday","TQQQ","Buy_on_Dip",83.8073,"2%",1,83.8073,42,3374.6451,3454.7685,82.2564,85.5176,81.87856398890158
"2025-02-06","Wednesday","TQQQ","Buy_on_Dip",82.9521,"3%",1,82.9521,43,3457.5972,3537.0249,82.2564,85.5176,81.87856398890158
"2025-02-06","Wednesday","TQQQ","Buy_on_Dip",82.0969,"4%",1,82.0969,44,3539.6941,3619.2813,82.2564,85.5176,81.87856398890158
"2025-02-10","Sunday","TQQQ","Buy_on_Dip",84.2982,"1%",1,84.2982,45,3623.9923,3804.4453,84.5432,85.1497,83.52907067388325
"2025-02-11","Monday","TQQQ","Buy_on_Dip",83.6978,"1%",1,83.6978,46,3707.6901,3896.7638,84.7123,84.5432,81.6300052955834
"2025-02-11","Monday","TQQQ","Buy_on_Dip",82.8524,"2%",1,82.8524,47,3790.5425,3981.4761,84.7123,84.5432,81.6300052955834
"2025-02-11","Monday","TQQQ","Buy_on_Dip",82.0069,"3%",1,82.0069,48,3872.5494,4066.1884,84.7123,84.5432,81.6300052955834
"2025-02-17","Sunday","TQQQ","Buy_on_Dip",88.4226,"1%",1,88.4226,49,3960.972,4403.7546,89.8725,89.3158,88.24193245753274
"2025-02-18","Monday","TQQQ","Buy_on_Dip",88.9738,"1%",1,88.9738,50,4049.9459,4494.1242,89.8825,89.8725,88.41095372309837
"2025-02-19","Tuesday","TQQQ","Buy_on_Dip",88.9837,"1%",1,88.9837,51,4138.9295,4528.2282,88.7888,89.8825,86.39258071368558
"2025-02-19","Tuesday","TQQQ","Buy_on_Dip",88.0848,"2%",1,88.0848,52,4227.0143,4617.017,88.7888,89.8825,86.39258071368558
"2025-02-19","Tuesday","TQQQ","Buy_on_Dip",87.186,"3%",1,87.186,53,4314.2004,4705.8058,88.7888,89.8825,86.39258071368558
"2025-02-20","Wednesday","TQQQ","Buy_on_Dip",87.9009,"1%",1,87.9009,54,4402.1013,4494.4626,83.2308,88.7888,82.9921652230052
"2025-02-20","Wednesday","TQQQ","Buy_on_Dip",87.013,"2%",1,87.013,55,4489.1143,4577.6934,83.2308,88.7888,82.9921652230052
"2025-02-20","Wednesday","TQQQ","Buy_on_Dip",86.1251,"3%",1,86.1251,56,4575.2394,4660.9242,83.2308,88.7888,82.9921652230052
"2025-02-20","Wednesday","TQQQ","Buy_on_Dip",85.2372,"4%",1,85.2372,57,4660.4766,4744.155,83.2308,88.7888,82.9921652230052
"2025-02-20","Wednesday","TQQQ","Buy_on_Dip",84.3493,"5%",1,84.3493,58,4744.826,4827.3858,83.2308,88.7888,82.9921652230052
"2025-02-23","Saturday","TQQQ","Buy_on_Dip",82.3985,"1%",1,82.3985,59,4827.2245,4734.0428,80.238,83.2308,80.03916219412697
"2025-02-23","Saturday","TQQQ","Buy_on_Dip",81.5662,"2%",1,81.5662,60,4908.7906,4814.2809,80.238,83.2308,80.03916219412697
"2025-02-23","Saturday","TQQQ","Buy_on_Dip",80.7339,"3%",1,80.7339,61,4989.5245,4894.5189,80.238,83.2308,80.03916219412697
"2025-02-24","Sunday","TQQQ","Buy_on_Dip",79.4356,"1%",1,79.4356,62,5068.9601,4784.8904,77.1757,80.238,75.34618105292677
"2025-02-24","Sunday","TQQQ","Buy_on_Dip",78.6333,"2%",1,78.6333,63,5147.5934,4862.066,77.1757,80.238,75.34618105292677
"2025-02-24","Sunday","TQQQ","Buy_on_Dip",77.8309,"3%",1,77.8309,64,5225.4243,4939.2417,77.1757,80.238,75.34618105292677
"2025-02-24","Sunday","TQQQ","Buy_on_Dip",77.0285,"4%",1,77.0285,65,5302.4528,5016.4174,77.1757,80.238,75.34618105292677
"2025-02-24","Sunday","TQQQ","Buy_on_Dip",76.2261,"5%",1,76.2261,66,5378.6789,5093.593,77.1757,80.238,75.34618105292677
"2025-02-25","Monday","TQQQ","Buy_on_Dip",76.4039,"1%",1,76.4039,67,5455.0828,5204.077,77.6728,77.1757,76.2509765200111
"2025-02-26","Tuesday","TQQQ","Buy_on_Dip",76.8961,"1%",1,76.8961,68,5531.9788,4843.6319,71.2299,77.6728,71.07080118453143
"2025-02-26","Tuesday","TQQQ","Buy_on_Dip",76.1193,"2%",1,76.1193,69,5608.0982,4914.8618,71.2299,77.6728,71.07080118453143
"2025-02-26","Tuesday","TQQQ","Buy_on_Dip",75.3426,"3%",1,75.3426,70,5683.4408,4986.0917,71.2299,77.6728,71.07080118453143
"2025-02-26","Tuesday","TQQQ","Buy_on_Dip",74.5659,"4%",1,74.5659,71,5758.0066,5057.3216,71.2299,77.6728,71.07080118453143
"2025-02-26","Tuesday","TQQQ","Buy_on_Dip",73.7892,"5%",1,73.7892,72,5831.7958,5128.5515,71.2299,77.6728,71.07080118453143
"2025-02-27","Wednesday","TQQQ","Buy_on_Dip",70.5176,"1%",1,70.5176,73,5902.3134,5437.8506,74.4911,71.2299,69.67881528472296
"2025-02-27","Wednesday","TQQQ","Buy_on_Dip",69.8053,"2%",1,69.8053,74,5972.1187,5512.3417,74.4911,71.2299,69.67881528472296
"2025-03-02","Saturday","TQQQ","Buy_on_Dip",73.7462,"1%",1,73.7462,75,6045.8649,5225.9113,69.6788,74.4911,68.0482067959115
"2025-03-02","Saturday","TQQQ","Buy_on_Dip",73.0013,"2%",1,73.0013,76,6118.8661,5295.5901,69.6788,74.4911,68.0482067959115
"2025-03-02","Saturday","TQQQ","Buy_on_Dip",72.2564,"3%",1,72.2564,77,6191.1225,5365.269,69.6788,74.4911,68.0482067959115
"2025-03-02","Saturday","TQQQ","Buy_on_Dip",71.5115,"4%",1,71.5115,78,6262.634,5434.9478,69.6788,74.4911,68.0482067959115
"2025-03-02","Saturday","TQQQ","Buy_on_Dip",70.7665,"5%",1,70.7665,79,6333.4005,5504.6266,69.6788,74.4911,68.0482067959115
"2025-03-03","Sunday","TQQQ","Buy_on_Dip",68.982,"1%",1,68.982,80,6402.3825,5513.0573,68.9132,69.6788,65.63211184044431
"2025-03-03","Sunday","TQQQ","Buy_on_Dip",68.2852,"2%",1,68.2852,81,6470.6678,5581.9705,68.9132,69.6788,65.63211184044431
"2025-03-03","Sunday","TQQQ","Buy_on_Dip",67.5885,"3%",1,67.5885,82,6538.2562,5650.8837,68.9132,69.6788,65.63211184044431
"2025-03-03","Sunday","TQQQ","Buy_on_Dip",66.8917,"4%",1,66.8917,83,6605.1479,5719.7969,68.9132,69.6788,65.63211184044431
"2025-03-03","Sunday","TQQQ","Buy_on_Dip",66.1949,"5%",1,66.1949,84,6671.3428,5788.7101,68.9132,69.6788,65.63211184044431
"2025-03-04","Monday","TQQQ","Buy_on_Dip",68.2241,"1%",1,68.2241,85,6739.5669,6085.8099,71.5978,68.9132,67.10363467190759
"2025-03-04","Monday","TQQQ","Buy_on_Dip",67.535,"2%",1,67.535,86,6807.1018,6157.4076,71.5978,68.9132,67.10363467190759
"2025-03-05","Tuesday","TQQQ","Buy_on_Dip",70.8818,"1%",1,70.8818,87,6877.9836,5712.5896,65.6619,71.5978,64.79692681790276
"2025-03-05","Tuesday","TQQQ","Buy_on_Dip",70.1658,"2%",1,70.1658,88,6948.1494,5778.2515,65.6619,71.5978,64.79692681790276
"2025-03-05","Tuesday","TQQQ","Buy_on_Dip",69.4498,"3%",1,69.4498,89,7017.5992,5843.9135,65.6619,71.5978,64.79692681790276
"2025-03-05","Tuesday","TQQQ","Buy_on_Dip",68.7339,"4%",1,68.7339,90,7086.3331,5909.5754,65.6619,71.5978,64.79692681790276
"2025-03-05","Tuesday","TQQQ","Buy_on_Dip",68.0179,"5%",1,68.0179,91,7154.351,5975.2374,65.6619,71.5978,64.79692681790276
"2025-03-06","Wednesday","TQQQ","Buy_on_Dip",65.0053,"1%",1,65.0053,92,7219.3563,6166.2173,67.0241,65.6619,62.52997267724753
"2025-03-06","Wednesday","TQQQ","Buy_on_Dip",64.3487,"2%",1,64.3487,93,7283.705,6233.2414,67.0241,65.6619,62.52997267724753
"2025-03-06","Wednesday","TQQQ","Buy_on_Dip",63.6921,"3%",1,63.6921,94,7347.3971,6300.2655,67.0241,65.6619,62.52997267724753
"2025-03-06","Wednesday","TQQQ","Buy_on_Dip",63.0355,"4%",1,63.0355,95,7410.4326,6367.2896,67.0241,65.6619,62.52997267724753
"2025-03-09","Saturday","TQQQ","Buy_on_Dip",66.3539,"1%",1,66.3539,96,7476.7864,5708.8905,59.4676,67.0241,57.54865769735098
"2025-03-09","Saturday","TQQQ","Buy_on_Dip",65.6836,"2%",1,65.6836,97,7542.47,5768.3581,59.4676,67.0241,57.54865769735098
"2025-03-09","Saturday","TQQQ","Buy_on_Dip",65.0134,"3%",1,65.0134,98,7607.4834,5827.8257,59.4676,67.0241,57.54865769735098
"2025-03-09","Saturday","TQQQ","Buy_on_Dip",64.3431,"4%",1,64.3431,99,7671.8266,5887.2933,59.4676,67.0241,57.54865769735098
"2025-03-09","Saturday","TQQQ","Buy_on_Dip",63.6729,"5%",1,63.6729,100,7735.4995,5946.7609,59.4676,67.0241,57.54865769735098
"2025-03-10","Sunday","TQQQ","Buy_on_Dip",58.8729,"1%",1,58.8729,101,7794.3724,5935.933,58.7716,59.4676,57.0415733695766
"2025-03-10","Sunday","TQQQ","Buy_on_Dip",58.2783,"2%",1,58.2783,102,7852.6507,5994.7046,58.7716,59.4676,57.0415733695766
"2025-03-10","Sunday","TQQQ","Buy_on_Dip",57.6836,"3%",1,57.6836,103,7910.3342,6053.4762,58.7716,59.4676,57.0415733695766
"2025-03-10","Sunday","TQQQ","Buy_on_Dip",57.0889,"4%",1,57.0889,104,7967.4231,6112.2479,58.7716,59.4676,57.0415733695766
"2025-03-12","Tuesday","TQQQ","Buy_on_Dip",60.1723,"1%",1,60.1723,105,8027.5954,6033.213,57.4592,60.7801,56.713464809811114
"2025-03-12","Tuesday","TQQQ","Buy_on_Dip",59.5645,"2%",1,59.5645,106,8087.1598,6090.6722,57.4592,60.7801,56.713464809811114
"2025-03-12","Tuesday","TQQQ","Buy_on_Dip",58.9567,"3%",1,58.9567,107,8146.1165,6148.1313,57.4592,60.7801,56.713464809811114
"2025-03-12","Tuesday","TQQQ","Buy_on_Dip",58.3489,"4%",1,58.3489,108,8204.4653,6205.5905,57.4592,60.7801,56.713464809811114
"2025-03-12","Tuesday","TQQQ","Buy_on_Dip",57.741,"5%",1,57.741,109,8262.2064,6263.0497,57.4592,60.7801,56.713464809811114
"2025-03-16","Saturday","TQQQ","Buy_on_Dip",60.9203,"1%",1,60.9203,110,8323.1267,6900.1715,62.7288,61.5357,60.799939423256525
"2025-03-17","Sunday","TQQQ","Buy_on_Dip",62.1015,"1%",1,62.1015,111,8385.2283,6611.941,59.567,62.7288,58.67218634878993
"2025-03-17","Sunday","TQQQ","Buy_on_Dip",61.4743,"2%",1,61.4743,112,8446.7025,6671.508,59.567,62.7288,58.67218634878993
"2025-03-17","Sunday","TQQQ","Buy_on_Dip",60.847,"3%",1,60.847,113,8507.5495,6731.075,59.567,62.7288,58.67218634878993
"2025-03-17","Sunday","TQQQ","Buy_on_Dip",60.2197,"4%",1,60.2197,114,8567.7692,6790.6421,59.567,62.7288,58.67218634878993
"2025-03-17","Sunday","TQQQ","Buy_on_Dip",59.5924,"5%",1,59.5924,115,8627.3616,6850.2091,59.567,62.7288,58.67218634878993
"2025-03-19","Tuesday","TQQQ","Buy_on_Dip",61.2649,"1%",1,61.2649,116,8688.6264,7104.6933,61.2474,61.8837,60.024398261881466
"2025-03-19","Tuesday","TQQQ","Buy_on_Dip",60.646,"2%",1,60.646,117,8749.2725,7165.9407,61.2474,61.8837,60.024398261881466
"2025-03-19","Tuesday","TQQQ","Buy_on_Dip",60.0272,"3%",1,60.0272,118,8809.2996,7227.1881,61.2474,61.8837,60.024398261881466
"2025-03-20","Wednesday","TQQQ","Buy_on_Dip",60.6349,"1%",1,60.6349,119,8869.9345,7357.0607,61.824,61.2474,58.731842619264924
"2025-03-20","Wednesday","TQQQ","Buy_on_Dip",60.0224,"2%",1,60.0224,120,8929.9569,7418.8847,61.824,61.2474,58.731842619264924
"2025-03-20","Wednesday","TQQQ","Buy_on_Dip",59.4099,"3%",1,59.4099,121,8989.3669,7480.7088,61.824,61.2474,58.731842619264924
"2025-03-20","Wednesday","TQQQ","Buy_on_Dip",58.7975,"4%",1,58.7975,122,9048.1643,7542.5328,61.824,61.2474,58.731842619264924
"2025-03-25","Monday","TQQQ","Buy_on_Dip",66.2554,"1%",1,66.2554,123,9114.4197,7773.9802,63.2031,66.9247,62.58481851332139
"2025-03-25","Monday","TQQQ","Buy_on_Dip",65.5862,"2%",1,65.5862,124,9180.0059,7837.1832,63.2031,66.9247,62.58481851332139
"2025-03-25","Monday","TQQQ","Buy_on_Dip",64.9169,"3%",1,64.9169,125,9244.9229,7900.3863,63.2031,66.9247,62.58481851332139
"2025-03-25","Monday","TQQQ","Buy_on_Dip",64.2477,"4%",1,64.2477,126,9309.1705,7963.5894,63.2031,66.9247,62.58481851332139
"2025-03-25","Monday","TQQQ","Buy_on_Dip",63.5784,"5%",1,63.5784,127,9372.749,8026.7925,63.2031,66.9247,62.58481851332139
"2025-03-26","Tuesday","TQQQ","Buy_on_Dip",62.5711,"1%",1,62.5711,128,9435.32,7952.1411,62.1261,63.2031,61.57763841274057
"2025-03-26","Tuesday","TQQQ","Buy_on_Dip",61.939,"2%",1,61.939,129,9497.2591,8014.2672,62.1261,63.2031,61.57763841274057
"2025-03-27","Wednesday","TQQQ","Buy_on_Dip",61.5048,"1%",1,61.5048,130,9558.7639,7433.3931,57.1799,62.1261,56.810980746262494
"2025-03-27","Wednesday","TQQQ","Buy_on_Dip",60.8836,"2%",1,60.8836,131,9619.6475,7490.573,57.1799,62.1261,56.810980746262494
"2025-03-27","Wednesday","TQQQ","Buy_on_Dip",60.2623,"3%",1,60.2623,132,9679.9098,7547.753,57.1799,62.1261,56.810980746262494
"2025-03-27","Wednesday","TQQQ","Buy_on_Dip",59.6411,"4%",1,59.6411,133,9739.5509,7604.9329,57.1799,62.1261,56.810980746262494
"2025-03-27","Wednesday","TQQQ","Buy_on_Dip",59.0198,"5%",1,59.0198,134,9798.5707,7662.1129,57.1799,62.1261,56.810980746262494
"2025-03-30","Saturday","TQQQ","Buy_on_Dip",56.6081,"1%",1,56.6081,135,9855.1788,7713.9082,57.1401,57.1799,52.89195283766642
"2025-03-30","Saturday","TQQQ","Buy_on_Dip",56.0363,"2%",1,56.0363,136,9911.2151,7771.0482,57.1401,57.1799,52.89195283766642
"2025-03-30","Saturday","TQQQ","Buy_on_Dip",55.4645,"3%",1,55.4645,137,9966.6797,7828.1883,57.1401,57.1799,52.89195283766642
"2025-03-30","Saturday","TQQQ","Buy_on_Dip",54.8927,"4%",1,54.8927,138,10021.5724,7885.3283,57.1401,57.1799,52.89195283766642
"2025-03-30","Saturday","TQQQ","Buy_on_Dip",54.3209,"5%",1,54.3209,139,10075.8934,7942.4684,57.1401,57.1799,52.89195283766642
"2025-03-31","Sunday","TQQQ","Buy_on_Dip",56.5687,"1%",1,56.5687,140,10132.4621,8183.8925,58.4564,57.1401,55.46474890982854
"2025-03-31","Sunday","TQQQ","Buy_on_Dip",55.9973,"2%",1,55.9973,141,10188.4593,8242.3489,58.4564,57.1401,55.46474890982854
"2025-04-01","Monday","TQQQ","Buy_on_Dip",57.8718,"1%",1,57.8718,142,10246.3311,8486.306,59.7627,58.4564,55.93343660814082
"2025-04-01","Monday","TQQQ","Buy_on_Dip",57.2872,"2%",1,57.2872,143,10303.6184,8546.0687,59.7627,58.4564,55.93343660814082
"2025-04-01","Monday","TQQQ","Buy_on_Dip",56.7027,"3%",1,56.7027,144,10360.3211,8605.8314,59.7627,58.4564,55.93343660814082
"2025-04-01","Monday","TQQQ","Buy_on_Dip",56.1181,"4%",1,56.1181,145,10416.4392,8665.5941,59.7627,58.4564,55.93343660814082
"2025-04-02","Tuesday","TQQQ","Buy_on_Dip",59.1651,"1%",1,59.1651,146,10475.6043,7323.3015,50.1596,59.7627,49.97013101138364
"2025-04-02","Tuesday","TQQQ","Buy_on_Dip",58.5675,"2%",1,58.5675,147,10534.1717,7373.4611,50.1596,59.7627,49.97013101138364
"2025-04-02","Tuesday","TQQQ","Buy_on_Dip",57.9698,"3%",1,57.9698,148,10592.1416,7423.6207,50.1596,59.7627,49.97013101138364
"2025-04-02","Tuesday","TQQQ","Buy_on_Dip",57.3722,"4%",1,57.3722,149,10649.5138,7473.7803,50.1596,59.7627,49.97013101138364
"2025-04-02","Tuesday","TQQQ","Buy_on_Dip",56.7746,"5%",1,56.7746,150,10706.2884,7523.9399,50.1596,59.7627,49.97013101138364
"2025-04-03","Wednesday","TQQQ","Buy_on_Dip",49.658,"1%",1,49.658,151,10755.9464,6187.2714,40.9753,50.1596,40.91547357047044
"2025-04-03","Wednesday","TQQQ","Buy_on_Dip",49.1564,"2%",1,49.1564,152,10805.1028,6228.2467,40.9753,50.1596,40.91547357047044
"2025-04-03","Wednesday","TQQQ","Buy_on_Dip",48.6548,"3%",1,48.6548,153,10853.7576,6269.222,40.9753,50.1596,40.91547357047044
"2025-04-03","Wednesday","TQQQ","Buy_on_Dip",48.1532,"4%",1,48.1532,154,10901.9108,6310.1973,40.9753,50.1596,40.91547357047044
"2025-04-03","Wednesday","TQQQ","Buy_on_Dip",47.6516,"5%",1,47.6516,155,10949.5624,6351.1727,40.9753,50.1596,40.91547357047044
"2025-04-06","Saturday","TQQQ","Buy_on_Dip",40.5656,"1%",1,40.5656,156,10990.128,6417.0383,41.1349,40.9753,34.902306296608664
"2025-04-06","Saturday","TQQQ","Buy_on_Dip",40.1558,"2%",1,40.1558,157,11030.2838,6458.1732,41.1349,40.9753,34.902306296608664
"2025-04-06","Saturday","TQQQ","Buy_on_Dip",39.746,"3%",1,39.746,158,11070.0298,6499.308,41.1349,40.9753,34.902306296608664
"2025-04-06","Saturday","TQQQ","Buy_on_Dip",39.3363,"4%",1,39.3363,159,11109.3661,6540.4429,41.1349,40.9753,34.902306296608664
"2025-04-06","Saturday","TQQQ","Buy_on_Dip",38.9265,"5%",1,38.9265,160,11148.2927,6581.5778,41.1349,40.9753,34.902306296608664
"2025-04-07","Sunday","TQQQ","Buy_on_Dip",40.7235,"1%",1,40.7235,161,11189.0162,6245.4186,38.7914,41.1349,36.996441278222825
"2025-04-07","Sunday","TQQQ","Buy_on_Dip",40.3122,"2%",1,40.3122,162,11229.3283,6284.21,38.7914,41.1349,36.996441278222825
"2025-04-07","Sunday","TQQQ","Buy_on_Dip",39.9008,"3%",1,39.9008,163,11269.2291,6323.0015,38.7914,41.1349,36.996441278222825
"2025-04-07","Sunday","TQQQ","Buy_on_Dip",39.4895,"4%",1,39.4895,164,11308.7186,6361.7929,38.7914,41.1349,36.996441278222825
"2025-04-07","Sunday","TQQQ","Buy_on_Dip",39.0781,"5%",1,39.0781,165,11347.7967,6400.5843,38.7914,41.1349,36.996441278222825
"2025-04-09","Tuesday","TQQQ","Buy_on_Dip",51.9385,"1%",1,51.9385,166,11399.7353,7637.8605,46.0112,52.4632,41.45396424759712
"2025-04-09","Tuesday","TQQQ","Buy_on_Dip",51.4139,"2%",1,51.4139,167,11451.1491,7683.8717,46.0112,52.4632,41.45396424759712
"2025-04-09","Tuesday","TQQQ","Buy_on_Dip",50.8893,"3%",1,50.8893,168,11502.0384,7729.8829,46.0112,52.4632,41.45396424759712
"2025-04-09","Tuesday","TQQQ","Buy_on_Dip",50.3646,"4%",1,50.3646,169,11552.403,7775.8941,46.0112,52.4632,41.45396424759712
"2025-04-09","Tuesday","TQQQ","Buy_on_Dip",49.84,"5%",1,49.84,170,11602.243,7821.9053,46.0112,52.4632,41.45396424759712
"2025-04-10","Wednesday","TQQQ","Buy_on_Dip",45.5511,"1%",1,45.5511,171,11647.7941,8283.9925,48.4444,46.0112,44.49545141856539
"2025-04-10","Wednesday","TQQQ","Buy_on_Dip",45.091,"2%",1,45.091,172,11692.8851,8332.4369,48.4444,46.0112,44.49545141856539
"2025-04-10","Wednesday","TQQQ","Buy_on_Dip",44.6309,"3%",1,44.6309,173,11737.516,8380.8813,48.4444,46.0112,44.49545141856539
"2025-04-13","Saturday","TQQQ","Buy_on_Dip",47.96,"1%",1,47.96,174,11785.4759,8606.31,49.4616,48.4444,47.935823521106876
"2025-04-15","Monday","TQQQ","Buy_on_Dip",49.1545,"1%",1,49.1545,175,11834.6304,7903.6268,45.1636,49.651,43.03952630317154
"2025-04-15","Monday","TQQQ","Buy_on_Dip",48.658,"2%",1,48.658,176,11883.2884,7948.7904,45.1636,49.651,43.03952630317154
"2025-04-15","Monday","TQQQ","Buy_on_Dip",48.1615,"3%",1,48.1615,177,11931.4499,7993.954,45.1636,49.651,43.03952630317154
"2025-04-15","Monday","TQQQ","Buy_on_Dip",47.665,"4%",1,47.665,178,11979.1149,8039.1176,45.1636,49.651,43.03952630317154
"2025-04-15","Monday","TQQQ","Buy_on_Dip",47.1685,"5%",1,47.1685,179,12026.2834,8084.2812,45.1636,49.651,43.03952630317154
"2025-04-16","Tuesday","TQQQ","Buy_on_Dip",44.7119,"1%",1,44.7119,180,12070.9953,8106.1105,45.0339,45.1636,44.226206534132224
"2025-04-16","Tuesday","TQQQ","Buy_on_Dip",44.2603,"2%",1,44.2603,181,12115.2556,8151.1444,45.0339,45.1636,44.226206534132224
"2025-04-20","Saturday","TQQQ","Buy_on_Dip",44.5836,"1%",1,44.5836,182,12159.8392,7597.2545,41.7432,45.0339,40.12767941807631
"2025-04-20","Saturday","TQQQ","Buy_on_Dip",44.1333,"2%",1,44.1333,183,12203.9725,7638.9976,41.7432,45.0339,40.12767941807631
"2025-04-20","Saturday","TQQQ","Buy_on_Dip",43.6829,"3%",1,43.6829,184,12247.6554,7680.7408,41.7432,45.0339,40.12767941807631
"2025-04-20","Saturday","TQQQ","Buy_on_Dip",43.2326,"4%",1,43.2326,185,12290.888,7722.4839,41.7432,45.0339,40.12767941807631
"2025-04-20","Saturday","TQQQ","Buy_on_Dip",42.7822,"5%",1,42.7822,186,12333.6703,7764.2271,41.7432,45.0339,40.12767941807631
"2025-04-24","Wednesday","TQQQ","Buy_on_Dip",51.4745,"1%",1,51.4745,187,12385.1448,10043.7071,53.7097,51.9945,51.33630552274387
"2025-04-27","Saturday","TQQQ","Buy_on_Dip",53.1726,"1%",1,53.1726,188,12438.3174,10089.9173,53.6698,53.7097,51.49585778400508
"2025-04-27","Saturday","TQQQ","Buy_on_Dip",52.6355,"2%",1,52.6355,189,12490.9528,10143.5871,53.6698,53.7097,51.49585778400508
"2025-04-27","Saturday","TQQQ","Buy_on_Dip",52.0984,"3%",1,52.0984,190,12543.0512,10197.2569,53.6698,53.7097,51.49585778400508
"2025-04-27","Saturday","TQQQ","Buy_on_Dip",51.5613,"4%",1,51.5613,191,12594.6125,10250.9267,53.6698,53.7097,51.49585778400508
"2025-04-28","Sunday","TQQQ","Buy_on_Dip",53.1331,"1%",1,53.1331,192,12647.7456,10505.6338,54.7168,53.6698,52.68253970716754
"2025-04-29","Monday","TQQQ","Buy_on_Dip",54.1697,"1%",1,54.1697,193,12701.9152,10562.2752,54.7268,54.7168,50.17954124942697
"2025-04-29","Monday","TQQQ","Buy_on_Dip",53.6225,"2%",1,53.6225,194,12755.5377,10617.002,54.7268,54.7168,50.17954124942697
"2025-04-29","Monday","TQQQ","Buy_on_Dip",53.0753,"3%",1,53.0753,195,12808.6131,10671.7288,54.7268,54.7168,50.17954124942697
"2025-04-29","Monday","TQQQ","Buy_on_Dip",52.5282,"4%",1,52.5282,196,12861.1412,10726.4556,54.7268,54.7168,50.17954124942697
"2025-04-29","Monday","TQQQ","Buy_on_Dip",51.981,"5%",1,51.981,197,12913.1222,10781.1824,54.7268,54.7168,50.17954124942697
"2025-05-04","Saturday","TQQQ","Buy_on_Dip",58.6715,"1%",1,58.6715,198,12971.7937,11530.9244,58.237,59.2641,57.538945004177116
"2025-05-04","Saturday","TQQQ","Buy_on_Dip",58.0788,"2%",1,58.0788,199,13029.8726,11589.1614,58.237,59.2641,57.538945004177116
"2025-05-05","Sunday","TQQQ","Buy_on_Dip",57.6546,"1%",1,57.6546,200,13087.5272,11316.3246,56.5816,58.237,55.41488692512014
"2025-05-05","Sunday","TQQQ","Buy_on_Dip",57.0723,"2%",1,57.0723,201,13144.5994,11372.9062,56.5816,58.237,55.41488692512014
"2025-05-05","Sunday","TQQQ","Buy_on_Dip",56.4899,"3%",1,56.4899,202,13201.0893,11429.4879,56.5816,58.237,55.41488692512014
"2025-05-05","Sunday","TQQQ","Buy_on_Dip",55.9075,"4%",1,55.9075,203,13256.9968,11486.0695,56.5816,58.237,55.41488692512014
"2025-05-06","Monday","TQQQ","Buy_on_Dip",56.0158,"1%",1,56.0158,204,13313.0126,11676.9152,57.2398,56.5816,54.936226978707424
"2025-05-06","Monday","TQQQ","Buy_on_Dip",55.45,"2%",1,55.45,205,13368.4626,11734.155,57.2398,56.5816,54.936226978707424
"2025-05-08","Wednesday","TQQQ","Buy_on_Dip",58.3556,"1%",1,58.3556,206,13426.8182,12113.9126,58.8054,58.945,58.16718786090467
"2025-05-14","Tuesday","TQQQ","Buy_on_Dip",69.462,"1%",1,69.462,207,13496.2801,14569.2801,70.383,70.1636,68.73759964156763
"2025-05-14","Tuesday","TQQQ","Buy_on_Dip",68.7603,"2%",1,68.7603,208,13565.0405,14639.6631,70.383,70.1636,68.73759964156763
"2025-05-15","Wednesday","TQQQ","Buy_on_Dip",69.6792,"1%",1,69.6792,209,13634.7196,14891.3664,71.2506,70.383,69.45558589162174
"2025-05-18","Saturday","TQQQ","Buy_on_Dip",70.5381,"1%",1,70.5381,210,13705.2577,15002.4069,71.44,71.2506,68.23899384191576
"2025-05-18","Saturday","TQQQ","Buy_on_Dip",69.8255,"2%",1,69.8255,211,13775.0832,15073.847,71.44,71.2506,68.23899384191576
"2025-05-18","Saturday","TQQQ","Buy_on_Dip",69.113,"3%",1,69.113,212,13844.1963,15145.287,71.44,71.2506,68.23899384191576
"2025-05-18","Saturday","TQQQ","Buy_on_Dip",68.4005,"4%",1,68.4005,213,13912.5968,15216.727,71.44,71.2506,68.23899384191576
"2025-05-19","Sunday","TQQQ","Buy_on_Dip",70.7256,"1%",1,70.7256,214,13983.3224,15128.1144,70.6921,71.44,69.20628459551345
"2025-05-19","Sunday","TQQQ","Buy_on_Dip",70.0112,"2%",1,70.0112,215,14053.3337,15198.8065,70.6921,71.44,69.20628459551345
"2025-05-19","Sunday","TQQQ","Buy_on_Dip",69.2968,"3%",1,69.2968,216,14122.6305,15269.4987,70.6921,71.44,69.20628459551345
"2025-05-20","Monday","TQQQ","Buy_on_Dip",69.9852,"1%",1,69.9852,217,14192.6157,14701.8295,67.7504,70.6921,66.99248541611244
"2025-05-20","Monday","TQQQ","Buy_on_Dip",69.2783,"2%",1,69.2783,218,14261.894,14769.5798,67.7504,70.6921,66.99248541611244
"2025-05-20","Monday","TQQQ","Buy_on_Dip",68.5714,"3%",1,68.5714,219,14330.4654,14837.3302,67.7504,70.6921,66.99248541611244
"2025-05-20","Monday","TQQQ","Buy_on_Dip",67.8644,"4%",1,67.8644,220,14398.3298,14905.0806,67.7504,70.6921,66.99248541611244
"2025-05-20","Monday","TQQQ","Buy_on_Dip",67.1575,"5%",1,67.1575,221,14465.4873,14972.8309,67.7504,70.6921,66.99248541611244
"2025-05-22","Wednesday","TQQQ","Buy_on_Dip",67.4184,"1%",1,67.4184,222,14532.9057,14681.9434,66.1349,68.0994,64.67895629040136
"2025-05-22","Wednesday","TQQQ","Buy_on_Dip",66.7374,"2%",1,66.7374,223,14599.6431,14748.0783,66.1349,68.0994,64.67895629040136
"2025-05-22","Wednesday","TQQQ","Buy_on_Dip",66.0564,"3%",1,66.0564,224,14665.6995,14814.2131,66.1349,68.0994,64.67895629040136
"2025-05-22","Wednesday","TQQQ","Buy_on_Dip",65.3754,"4%",1,65.3754,225,14731.0749,14880.348,66.1349,68.0994,64.67895629040136
"2025-05-22","Wednesday","TQQQ","Buy_on_Dip",64.6944,"5%",1,64.6944,226,14795.7693,14946.4829,66.1349,68.0994,64.67895629040136
"2025-05-27","Monday","TQQQ","Buy_on_Dip",70.0346,"1%",1,70.0346,227,14865.8039,15852.4374,69.8345,70.742,69.58522387980656
"2025-05-29","Wednesday","TQQQ","Buy_on_Dip",69.4718,"1%",1,69.4718,228,14935.2757,15915.4514,69.8046,70.1736,66.85287427374195
"2025-05-29","Wednesday","TQQQ","Buy_on_Dip",68.7701,"2%",1,68.7701,229,15004.0458,15985.256,69.8046,70.1736,66.85287427374195
"2025-05-29","Wednesday","TQQQ","Buy_on_Dip",68.0684,"3%",1,68.0684,230,15072.1142,16055.0606,69.8046,70.1736,66.85287427374195
"2025-05-29","Wednesday","TQQQ","Buy_on_Dip",67.3666,"4%",1,67.3666,231,15139.4808,16124.8652,69.8046,70.1736,66.85287427374195
"2025-06-01","Saturday","TQQQ","Buy_on_Dip",69.1066,"1%",1,69.1066,232,15208.5874,16567.1474,71.4101,69.8046,68.49827042354462
"2025-06-04","Tuesday","TQQQ","Buy_on_Dip",72.9272,"1%",1,72.9272,233,15281.5146,16764.0258,71.9486,73.6638,71.10098253481404
"2025-06-04","Tuesday","TQQQ","Buy_on_Dip",72.1905,"2%",1,72.1905,234,15353.7051,16835.9744,71.9486,73.6638,71.10098253481404
"2025-06-04","Tuesday","TQQQ","Buy_on_Dip",71.4539,"3%",1,71.4539,235,15425.159,16907.923,71.9486,73.6638,71.10098253481404
"2025-06-09","Sunday","TQQQ","Buy_on_Dip",73.5886,"1%",1,73.5886,236,15498.7476,17881.2295,75.7679,74.3319,73.55411688507219
"2025-06-10","Monday","TQQQ","Buy_on_Dip",75.0102,"1%",1,75.0102,237,15573.7579,17772.6512,74.9901,75.7679,74.01282917423917
"2025-06-10","Monday","TQQQ","Buy_on_Dip",74.2526,"2%",1,74.2526,238,15648.0104,17847.6413,74.9901,75.7679,74.01282917423917
"2025-06-12","Wednesday","TQQQ","Buy_on_Dip",74.7239,"1%",1,74.7239,239,15722.7344,17357.7834,72.6267,75.4787,72.06826695780316
"2025-06-12","Wednesday","TQQQ","Buy_on_Dip",73.9692,"2%",1,73.9692,240,15796.7035,17430.4102,72.6267,75.4787,72.06826695780316
"2025-06-12","Wednesday","TQQQ","Buy_on_Dip",73.2144,"3%",1,73.2144,241,15869.9179,17503.0369,72.6267,75.4787,72.06826695780316
"2025-06-12","Wednesday","TQQQ","Buy_on_Dip",72.4596,"4%",1,72.4596,242,15942.3775,17575.6636,72.6267,75.4787,72.06826695780316
"2025-06-16","Sunday","TQQQ","Buy_on_Dip",74.8325,"1%",1,74.8325,243,16017.21,17825.1842,73.3547,75.5884,72.87601176033664
"2025-06-16","Sunday","TQQQ","Buy_on_Dip",74.0767,"2%",1,74.0767,244,16091.2867,17898.5389,73.3547,75.5884,72.87601176033664
"2025-06-16","Sunday","TQQQ","Buy_on_Dip",73.3208,"3%",1,73.3208,245,16164.6074,17971.8936,73.3547,75.5884,72.87601176033664
"2025-06-19","Wednesday","TQQQ","Buy_on_Dip",72.5224,"1%",1,72.5224,246,16237.1298,17772.9501,72.2478,73.255,71.51980652398477
"2025-06-19","Wednesday","TQQQ","Buy_on_Dip",71.7899,"2%",1,71.7899,247,16308.9197,17845.1979,72.2478,73.255,71.51980652398477
"2025-06-22","Saturday","TQQQ","Buy_on_Dip",71.5253,"1%",1,71.5253,248,16380.445,18473.8884,74.4915,72.2478,71.22064233193153
"2025-06-30","Sunday","TQQQ","Buy_on_Dip",82.17,"1%",1,82.17,249,16462.615,20141.6098,80.89,83,79.80999755859375
"2025-06-30","Sunday","TQQQ","Buy_on_Dip",81.34,"2%",1,81.34,250,16543.955,20222.4998,80.89,83,79.80999755859375
"2025-06-30","Sunday","TQQQ","Buy_on_Dip",80.51,"3%",1,80.51,251,16624.465,20303.3898,80.89,83,79.80999755859375
"2025-07-06","Saturday","TQQQ","Buy_on_Dip",83.9619,"1%",1,83.9619,252,16708.4269,20895.8395,82.92,84.81,81.80000305175781
"2025-07-06","Saturday","TQQQ","Buy_on_Dip",83.1138,"2%",1,83.1138,253,16791.5407,20978.7595,82.92,84.81,81.80000305175781
"2025-07-06","Saturday","TQQQ","Buy_on_Dip",82.2657,"3%",1,82.2657,254,16873.8064,21061.6795,82.92,84.81,81.80000305175781
"2025-07-09","Tuesday","TQQQ","Buy_on_Dip",83.9025,"1%",1,83.9025,255,16957.7089,21511.8002,84.36,84.75,83.13999938964844
"2025-07-10","Wednesday","TQQQ","Buy_on_Dip",83.5164,"1%",1,83.5164,256,17041.2253,21432.3203,83.72,84.36,82.75
"2025-07-13","Saturday","TQQQ","Buy_on_Dip",82.8828,"1%",1,82.8828,257,17124.1081,21744.7702,84.61,83.72,82.55000305175781
"2025-07-15","Monday","TQQQ","Buy_on_Dip",83.9817,"1%",1,83.9817,258,17208.0898,21948.0599,85.07,84.83,82.44000244140625
"2025-07-15","Monday","TQQQ","Buy_on_Dip",83.1334,"2%",1,83.1334,259,17291.2232,22033.1299,85.07,84.83,82.44000244140625
"2025-07-21","Sunday","TQQQ","Buy_on_Dip",87.1893,"1%",1,87.1893,260,17378.4125,22541.9992,86.7,88.07,85.47000122070312
"2025-07-21","Sunday","TQQQ","Buy_on_Dip",86.3086,"2%",1,86.3086,261,17464.7211,22628.6992,86.7,88.07,85.47000122070312
"2025-07-29","Monday","TQQQ","Buy_on_Dip",88.4862,"1%",1,88.4862,262,17553.2073,23498.7806,89.69,89.38,88.26000213623047
"2025-07-30","Tuesday","TQQQ","Buy_on_Dip",88.7931,"1%",1,88.7931,263,17642.0004,23199.2298,88.21,89.69,87.66000366210938
"2025-07-30","Tuesday","TQQQ","Buy_on_Dip",87.8962,"2%",1,87.8962,264,17729.8966,23287.4398,88.21,89.69,87.66000366210938
"2025-07-31","Wednesday","TQQQ","Buy_on_Dip",87.3279,"1%",1,87.3279,265,17817.2245,21973.7995,82.92,88.21,81.86000061035156
"2025-07-31","Wednesday","TQQQ","Buy_on_Dip",86.4458,"2%",1,86.4458,266,17903.6703,22056.7195,82.92,88.21,81.86000061035156
"2025-07-31","Wednesday","TQQQ","Buy_on_Dip",85.5637,"3%",1,85.5637,267,17989.234,22139.6395,82.92,88.21,81.86000061035156
"2025-07-31","Wednesday","TQQQ","Buy_on_Dip",84.6816,"4%",1,84.6816,268,18073.9156,22222.5595,82.92,88.21,81.86000061035156
"2025-07-31","Wednesday","TQQQ","Buy_on_Dip",83.7995,"5%",1,83.7995,269,18157.7151,22305.4795,82.92,88.21,81.86000061035156
"2025-08-04","Sunday","TQQQ","Buy_on_Dip",86.5854,"1%",1,86.5854,270,18244.3005,23122.7998,85.64,87.46,85.41999816894531
"2025-08-04","Sunday","TQQQ","Buy_on_Dip",85.7108,"2%",1,85.7108,271,18330.0113,23208.4398,85.64,87.46,85.41999816894531
"2025-08-06","Tuesday","TQQQ","Buy_on_Dip",87.9516,"1%",1,87.9516,272,18417.9629,24409.2794,89.74,88.84,87.81999969482422
"2025-08-10","Saturday","TQQQ","Buy_on_Dip",91.2384,"1%",1,91.2384,273,18509.2013,24938.5496,91.35,92.16,90.72000122070312
"2025-08-13","Tuesday","TQQQ","Buy_on_Dip",93.9114,"1%",1,93.9114,274,18603.1127,25920.3996,94.6,94.86,93.63999938964844
"2025-08-14","Wednesday","TQQQ","Buy_on_Dip",93.654,"1%",1,93.654,275,18696.7667,25646.5006,93.26,94.6,92.41999816894531
"2025-08-14","Wednesday","TQQQ","Buy_on_Dip",92.708,"2%",1,92.708,276,18789.4747,25739.7606,93.26,94.6,92.41999816894531
"2025-08-17","Saturday","TQQQ","Buy_on_Dip",92.3274,"1%",1,92.3274,277,18881.8021,25799.7798,93.14,93.26,92.2300033569336
"2025-08-18","Sunday","TQQQ","Buy_on_Dip",92.2086,"1%",1,92.2086,278,18974.0107,24836.519,89.34,93.14,88.81999969482422
"2025-08-18","Sunday","TQQQ","Buy_on_Dip",91.2772,"2%",1,91.2772,279,19065.2879,24925.859,89.34,93.14,88.81999969482422
"2025-08-18","Sunday","TQQQ","Buy_on_Dip",90.3458,"3%",1,90.3458,280,19155.6337,25015.199,89.34,93.14,88.81999969482422
"2025-08-18","Sunday","TQQQ","Buy_on_Dip",89.4144,"4%",1,89.4144,281,19245.0481,25104.539,89.34,93.14,88.81999969482422
"2025-08-19","Monday","TQQQ","Buy_on_Dip",88.4466,"1%",1,88.4466,282,19333.4947,24734.2197,87.71,89.34,84.37999725341797
"2025-08-19","Monday","TQQQ","Buy_on_Dip",87.5532,"2%",1,87.5532,283,19421.0479,24821.9297,87.71,89.34,84.37999725341797
"2025-08-19","Monday","TQQQ","Buy_on_Dip",86.6598,"3%",1,86.6598,284,19507.7077,24909.6397,87.71,89.34,84.37999725341797
"2025-08-19","Monday","TQQQ","Buy_on_Dip",85.7664,"4%",1,85.7664,285,19593.474,24997.3497,87.71,89.34,84.37999725341797
"2025-08-19","Monday","TQQQ","Buy_on_Dip",84.873,"5%",1,84.873,286,19678.347,25085.0597,87.71,89.34,84.37999725341797
"2025-08-20","Tuesday","TQQQ","Buy_on_Dip",86.8329,"1%",1,86.8329,287,19765.1799,24822.6294,86.49,87.71,85.38999938964844
"2025-08-20","Tuesday","TQQQ","Buy_on_Dip",85.9558,"2%",1,85.9558,288,19851.1357,24909.1194,86.49,87.71,85.38999938964844
"2025-08-24","Saturday","TQQQ","Buy_on_Dip",89.4762,"1%",1,89.4762,289,19940.6119,25891.5089,89.59,90.38,89.02999877929688
"2025-08-26","Monday","TQQQ","Buy_on_Dip",89.7237,"1%",1,89.7237,290,20030.3356,26401.6003,91.04,90.63,89.54000091552734
"2025-08-28","Wednesday","TQQQ","Buy_on_Dip",91.773,"1%",1,91.773,291,20122.1086,26003.7602,89.36,92.7,88.48999786376953
"2025-08-28","Wednesday","TQQQ","Buy_on_Dip",90.846,"2%",1,90.846,292,20212.9546,26093.1202,89.36,92.7,88.48999786376953
"2025-08-28","Wednesday","TQQQ","Buy_on_Dip",89.919,"3%",1,89.919,293,20302.8736,26182.4802,89.36,92.7,88.48999786376953
"2025-08-28","Wednesday","TQQQ","Buy_on_Dip",88.992,"4%",1,88.992,294,20391.8656,26271.8402,89.36,92.7,88.48999786376953