Date,Weekday,Symbol,Strategy,Buy_Price,Dollars_Invested,Shares_Purchased,Cumulative_Shares,Cumulative_Invested,Cumulative_Value,Close_Price
2015-09-08,Tuesday,XLG,DCA_Weekly,11.76,25.00,2.12571562,2.12571562,25.00,25.10,11.81
2015-09-14,Monday,XLG,DCA_Weekly,11.75,25.00,2.12704821,4.25276384,50.00,50.02,11.76
2015-09-21,Monday,XLG,DCA_Weekly,11.83,25.00,2.11254140,6.36530524,75.00,75.27,11.83
2015-09-28,Monday,XLG,DCA_Weekly,11.45,25.00,2.18381389,8.54911913,100.00,97.36,11.39
2015-10-05,Monday,XLG,DCA_Weekly,11.92,25.00,2.09697701,10.64609614,125.00,127.50,11.98
2015-10-12,Monday,XLG,DCA_Weekly,12.14,25.00,2.05881055,12.70490669,150.00,154.34,12.15
2015-10-19,Monday,XLG,DCA_Weekly,12.29,25.00,2.03405660,14.73896329,175.00,181.45,12.31
2015-10-26,Monday,XLG,DCA_Weekly,12.66,25.00,1.97439399,16.71335728,200.00,211.71,12.67
2015-11-02,Monday,XLG,DCA_Weekly,12.82,25.00,1.95022325,18.66358053,225.00,240.45,12.88
2015-11-09,Monday,XLG,DCA_Weekly,12.83,25.00,1.94826895,20.61184947,250.00,263.73,12.80
2015-11-16,Monday,XLG,DCA_Weekly,12.51,25.00,1.99809155,22.60994102,275.00,285.25,12.62
2015-11-23,Monday,XLG,DCA_Weekly,12.85,25.00,1.94592281,24.55586383,300.00,315.26,12.84
2015-11-30,Monday,XLG,DCA_Weekly,12.83,25.00,1.94810393,26.50396776,325.00,338.87,12.79
2015-12-07,Monday,XLG,DCA_Weekly,12.85,25.00,1.94486675,28.44883451,350.00,365.52,12.85
2015-12-14,Monday,XLG,DCA_Weekly,12.50,25.00,1.99941465,30.44824916,375.00,382.77,12.57
2015-12-21,Monday,XLG,DCA_Weekly,12.54,25.00,1.99294042,32.44118957,400.00,407.44,12.56
2015-12-28,Monday,XLG,DCA_Weekly,12.72,25.00,1.96495038,34.40613996,425.00,438.54,12.75
2016-01-04,Monday,XLG,DCA_Weekly,12.43,25.00,2.01201357,36.41815353,450.00,453.98,12.47
2016-01-11,Monday,XLG,DCA_Weekly,11.95,25.00,2.09167670,38.50983023,475.00,460.72,11.96
2016-01-19,Tuesday,XLG,DCA_Weekly,11.78,25.00,2.12200337,40.63183360,500.00,477.18,11.74
2016-01-25,Monday,XLG,DCA_Weekly,11.83,25.00,2.11265750,42.74449110,525.00,503.00,11.77
2016-02-01,Monday,XLG,DCA_Weekly,12.10,25.00,2.06586262,44.81035372,550.00,543.79,12.14
2016-02-08,Monday,XLG,DCA_Weekly,11.63,25.00,2.14949173,46.95984546,575.00,548.24,11.67
2016-02-16,Tuesday,XLG,DCA_Weekly,11.88,25.00,2.10350907,49.06335452,600.00,584.79,11.92
2016-02-22,Monday,XLG,DCA_Weekly,12.17,25.00,2.05441246,51.11776699,625.00,622.62,12.18
2016-02-29,Monday,XLG,DCA_Weekly,12.10,25.00,2.06537633,53.18314332,650.00,640.04,12.03
2016-03-07,Monday,XLG,DCA_Weekly,12.40,25.00,2.01599284,55.19913616,675.00,685.48,12.42
2016-03-14,Monday,XLG,DCA_Weekly,12.54,25.00,1.99346284,57.19259900,700.00,717.70,12.55
2016-03-21,Monday,XLG,DCA_Weekly,12.70,25.00,1.96864190,59.16124090,725.00,752.94,12.73
2016-03-28,Monday,XLG,DCA_Weekly,12.69,25.00,1.97058973,61.13183063,750.00,774.57,12.67
2016-04-04,Monday,XLG,DCA_Weekly,12.87,25.00,1.94183561,63.07366624,775.00,811.79,12.87
2016-04-11,Monday,XLG,DCA_Weekly,12.79,25.00,1.95423814,65.02790438,800.00,828.46,12.74
2016-04-18,Monday,XLG,DCA_Weekly,12.99,25.00,1.92451897,66.95242335,825.00,873.98,13.05
2016-04-25,Monday,XLG,DCA_Weekly,12.96,25.00,1.92952439,68.88194774,850.00,893.70,12.97
2016-05-02,Monday,XLG,DCA_Weekly,12.85,25.00,1.94516333,70.82711107,875.00,912.82,12.89
2016-05-09,Monday,XLG,DCA_Weekly,12.80,25.00,1.95302807,72.78013914,900.00,931.14,12.79
2016-05-16,Monday,XLG,DCA_Weekly,12.82,25.00,1.94994126,74.73008039,925.00,961.68,12.87
2016-05-23,Monday,XLG,DCA_Weekly,12.77,25.00,1.95713566,76.68721605,950.00,977.68,12.75
2016-05-31,Tuesday,XLG,DCA_Weekly,13.07,25.00,1.91329563,78.60051168,975.00,1027.62,13.07
2016-06-06,Monday,XLG,DCA_Weekly,13.09,25.00,1.90930530,80.50981699,1000.00,1056.20,13.12
2016-06-13,Monday,XLG,DCA_Weekly,12.97,25.00,1.92700199,82.43681898,1025.00,1067.17,12.95
2016-06-20,Monday,XLG,DCA_Weekly,12.98,25.00,1.92613993,84.36295891,1050.00,1091.24,12.94
2016-06-27,Monday,XLG,DCA_Weekly,12.55,25.00,1.99213205,86.35509096,1075.00,1082.13,12.53
2016-07-05,Tuesday,XLG,DCA_Weekly,13.07,25.00,1.91247062,88.26756158,1100.00,1153.63,13.07
2016-07-11,Monday,XLG,DCA_Weekly,13.36,25.00,1.87105267,90.13861424,1125.00,1203.55,13.35
2016-07-18,Monday,XLG,DCA_Weekly,13.52,25.00,1.84975044,91.98836469,1150.00,1244.37,13.53
2016-07-25,Monday,XLG,DCA_Weekly,13.54,25.00,1.84600085,93.83436553,1175.00,1268.68,13.52
2016-08-01,Monday,XLG,DCA_Weekly,13.58,25.00,1.84037453,95.67474006,1200.00,1300.34,13.59
2016-08-08,Monday,XLG,DCA_Weekly,13.68,25.00,1.82801034,97.50275041,1225.00,1331.32,13.65
2016-08-15,Monday,XLG,DCA_Weekly,13.71,25.00,1.82381787,99.32656827,1250.00,1361.94,13.71
2016-08-22,Monday,XLG,DCA_Weekly,13.63,25.00,1.83481215,101.16138042,1275.00,1379.66,13.64
2016-08-29,Monday,XLG,DCA_Weekly,13.61,25.00,1.83708101,102.99846144,1300.00,1404.08,13.63
2016-09-06,Tuesday,XLG,DCA_Weekly,13.67,25.00,1.82848377,104.82694521,1325.00,1434.39,13.68
2016-09-12,Monday,XLG,DCA_Weekly,13.42,25.00,1.86244242,106.68938763,1350.00,1445.79,13.55
2016-09-19,Monday,XLG,DCA_Weekly,13.49,25.00,1.85279448,108.54218211,1375.00,1460.52,13.46
2016-09-26,Monday,XLG,DCA_Weekly,13.50,25.00,1.85239727,110.39457938,1400.00,1486.33,13.46
2016-10-03,Monday,XLG,DCA_Weekly,13.55,25.00,1.84451844,112.23909782,1425.00,1522.25,13.56
2016-10-10,Monday,XLG,DCA_Weekly,13.64,25.00,1.83266046,114.07175828,1450.00,1555.94,13.64
2016-10-17,Monday,XLG,DCA_Weekly,13.44,25.00,1.86052849,115.93228677,1475.00,1556.96,13.43
2016-10-24,Monday,XLG,DCA_Weekly,13.53,25.00,1.84779528,117.78008205,1500.00,1593.52,13.53
2016-10-31,Monday,XLG,DCA_Weekly,13.38,25.00,1.86807901,119.64816106,1525.00,1598.34,13.36
2016-11-07,Monday,XLG,DCA_Weekly,13.31,25.00,1.87794942,121.52611048,1550.00,1625.92,13.38
2016-11-14,Monday,XLG,DCA_Weekly,13.54,25.00,1.84615524,123.37226572,1575.00,1663.69,13.49
2016-11-21,Monday,XLG,DCA_Weekly,13.69,25.00,1.82574854,125.19801425,1600.00,1716.40,13.71
2016-11-28,Monday,XLG,DCA_Weekly,13.74,25.00,1.81885959,127.01687384,1625.00,1743.37,13.73
2016-12-05,Monday,XLG,DCA_Weekly,13.71,25.00,1.82287403,128.83974788,1650.00,1767.47,13.72
2016-12-12,Monday,XLG,DCA_Weekly,14.10,25.00,1.77325811,130.61300599,1675.00,1841.80,14.10
2016-12-19,Monday,XLG,DCA_Weekly,14.20,25.00,1.76039029,132.37339627,1700.00,1879.50,14.20
2016-12-27,Tuesday,XLG,DCA_Weekly,14.23,25.00,1.75640730,134.12980357,1725.00,1911.04,14.25
2017-01-03,Tuesday,XLG,DCA_Weekly,14.17,25.00,1.76391751,135.89372108,1750.00,1929.24,14.20
2017-01-09,Monday,XLG,DCA_Weekly,14.30,25.00,1.74860504,137.64232612,1775.00,1967.98,14.30
2017-01-17,Tuesday,XLG,DCA_Weekly,14.24,25.00,1.75585546,139.39818158,1800.00,1984.36,14.24
2017-01-23,Monday,XLG,DCA_Weekly,14.22,25.00,1.75809234,141.15627393,1825.00,2008.12,14.23
2017-01-30,Monday,XLG,DCA_Weekly,14.30,25.00,1.74811288,142.90438681,1850.00,2044.88,14.31
2017-02-06,Monday,XLG,DCA_Weekly,14.40,25.00,1.73622155,144.64060836,1875.00,2082.14,14.40
2017-02-13,Monday,XLG,DCA_Weekly,14.59,25.00,1.71346862,146.35407698,1900.00,2139.14,14.62
2017-02-21,Tuesday,XLG,DCA_Weekly,14.87,25.00,1.68072733,148.03480431,1925.00,2205.29,14.90
2017-02-27,Monday,XLG,DCA_Weekly,14.95,25.00,1.67187932,149.70668362,1950.00,2240.37,14.97
2017-03-06,Monday,XLG,DCA_Weekly,15.06,25.00,1.65969262,151.36637624,1975.00,2281.86,15.08
2017-03-13,Monday,XLG,DCA_Weekly,15.10,25.00,1.65534255,153.02171879,2000.00,2310.10,15.10
2017-03-20,Monday,XLG,DCA_Weekly,15.11,25.00,1.65464004,154.67635883,2025.00,2336.97,15.11
2017-03-27,Monday,XLG,DCA_Weekly,14.83,25.00,1.68549064,156.36184947,2050.00,2328.72,14.89
2017-04-03,Monday,XLG,DCA_Weekly,14.99,25.00,1.66725854,158.02910801,2075.00,2371.73,15.01
2017-04-10,Monday,XLG,DCA_Weekly,14.99,25.00,1.66800808,159.69711609,2100.00,2388.58,14.96
2017-04-17,Monday,XLG,DCA_Weekly,14.87,25.00,1.68080657,161.37792266,2125.00,2407.77,14.92
2017-04-24,Monday,XLG,DCA_Weekly,15.06,25.00,1.66054086,163.03846351,2150.00,2455.40,15.06
2017-05-01,Monday,XLG,DCA_Weekly,15.23,25.00,1.64175036,164.68021387,2175.00,2510.47,15.24
2017-05-08,Monday,XLG,DCA_Weekly,15.30,25.00,1.63350844,166.31372231,2200.00,2548.07,15.32
2017-05-15,Monday,XLG,DCA_Weekly,15.30,25.00,1.63367644,167.94739875,2225.00,2572.35,15.32
2017-05-22,Monday,XLG,DCA_Weekly,15.24,25.00,1.64070943,169.58810818,2250.00,2587.42,15.26
2017-05-30,Tuesday,XLG,DCA_Weekly,15.40,25.00,1.62375932,171.21186749,2275.00,2636.66,15.40
2017-06-05,Monday,XLG,DCA_Weekly,15.52,25.00,1.61031894,172.82218643,2300.00,2683.66,15.53
2017-06-12,Monday,XLG,DCA_Weekly,15.43,25.00,1.62066137,174.44284780,2325.00,2693.00,15.44
2017-06-19,Monday,XLG,DCA_Weekly,15.60,25.00,1.60254689,176.04539469,2350.00,2750.63,15.62
2017-06-26,Monday,XLG,DCA_Weekly,15.60,25.00,1.60226840,177.64766309,2375.00,2765.40,15.57
2017-07-03,Monday,XLG,DCA_Weekly,15.48,25.00,1.61448350,179.26214659,2400.00,2772.57,15.47
2017-07-10,Monday,XLG,DCA_Weekly,15.48,25.00,1.61497837,180.87712495,2425.00,2802.77,15.50
2017-07-17,Monday,XLG,DCA_Weekly,15.68,25.00,1.59421961,182.47134457,2450.00,2860.26,15.68
2017-07-24,Monday,XLG,DCA_Weekly,15.76,25.00,1.58640993,184.05775449,2475.00,2901.08,15.76
2017-07-31,Monday,XLG,DCA_Weekly,15.79,25.00,1.58366556,185.64142005,2500.00,2928.22,15.77
2017-08-07,Monday,XLG,DCA_Weekly,15.90,25.00,1.57278110,187.21420115,2525.00,2978.55,15.91
2017-08-14,Monday,XLG,DCA_Weekly,15.84,25.00,1.57818202,188.79238317,2550.00,2994.28,15.86
2017-08-21,Monday,XLG,DCA_Weekly,15.62,25.00,1.60090187,190.39328504,2575.00,2977.56,15.64
2017-08-28,Monday,XLG,DCA_Weekly,15.74,25.00,1.58793390,191.98121894,2600.00,3020.25,15.73
2017-09-05,Tuesday,XLG,DCA_Weekly,15.86,25.00,1.57656428,193.55778322,2625.00,3064.62,15.83
2017-09-11,Monday,XLG,DCA_Weekly,15.95,25.00,1.56754914,195.12533235,2650.00,3117.10,15.97
2017-09-18,Monday,XLG,DCA_Weekly,16.09,25.00,1.55341060,196.67874295,2675.00,3165.01,16.09
2017-09-25,Monday,XLG,DCA_Weekly,16.01,25.00,1.56160132,198.24034427,2700.00,3169.98,15.99
2017-10-02,Monday,XLG,DCA_Weekly,16.19,25.00,1.54437371,199.78471798,2725.00,3237.11,16.20
2017-10-09,Monday,XLG,DCA_Weekly,16.37,25.00,1.52735192,201.31206990,2750.00,3291.83,16.35
2017-10-16,Monday,XLG,DCA_Weekly,16.41,25.00,1.52338223,202.83545214,2775.00,3330.36,16.42
2017-10-23,Monday,XLG,DCA_Weekly,16.47,25.00,1.51759017,204.35304230,2800.00,3358.06,16.43
2017-10-30,Monday,XLG,DCA_Weekly,16.59,25.00,1.50673531,205.85977762,2825.00,3419.82,16.61
2017-11-06,Monday,XLG,DCA_Weekly,16.72,25.00,1.49548640,207.35526402,2850.00,3468.37,16.73
2017-11-13,Monday,XLG,DCA_Weekly,16.65,25.00,1.50153921,208.85680322,2875.00,3480.79,16.67
2017-11-20,Monday,XLG,DCA_Weekly,16.60,25.00,1.50603522,210.36283845,2900.00,3492.71,16.60
2017-11-27,Monday,XLG,DCA_Weekly,16.81,25.00,1.48706923,211.84990767,2925.00,3562.40,16.82
2017-12-04,Monday,XLG,DCA_Weekly,17.11,25.00,1.46111493,213.31102261,2950.00,3635.37,17.04
2017-12-11,Monday,XLG,DCA_Weekly,17.19,25.00,1.45428753,214.76531014,2975.00,3698.56,17.22
2017-12-18,Monday,XLG,DCA_Weekly,17.49,25.00,1.42972993,216.19504007,3000.00,3781.24,17.49
2017-12-26,Tuesday,XLG,DCA_Weekly,17.37,25.00,1.43953285,217.63457292,3025.00,3780.60,17.37
2018-01-02,Tuesday,XLG,DCA_Weekly,17.43,25.00,1.43403308,219.06860600,3050.00,3826.10,17.47
2018-01-08,Monday,XLG,DCA_Weekly,17.78,25.00,1.40590516,220.47451117,3075.00,3924.08,17.80
2018-01-16,Tuesday,XLG,DCA_Weekly,18.11,25.00,1.38056199,221.85507315,3100.00,4001.08,18.03
2018-01-22,Monday,XLG,DCA_Weekly,18.30,25.00,1.36576574,223.22083889,3125.00,4108.00,18.40
2018-01-29,Monday,XLG,DCA_Weekly,18.59,25.00,1.34516376,224.56600264,3150.00,4164.92,18.55
2018-02-05,Monday,XLG,DCA_Weekly,17.48,25.00,1.43002796,225.99603060,3175.00,3881.10,17.17
2018-02-12,Monday,XLG,DCA_Weekly,17.23,25.00,1.45110276,227.44713336,3200.00,3929.88,17.28
2018-02-20,Tuesday,XLG,DCA_Weekly,17.73,25.00,1.40997470,228.85710806,3225.00,4051.35,17.70
2018-02-26,Monday,XLG,DCA_Weekly,18.09,25.00,1.38188430,230.23899236,3250.00,4184.85,18.18
2018-03-05,Monday,XLG,DCA_Weekly,17.64,25.00,1.41697528,231.65596764,3275.00,4122.03,17.79
2018-03-12,Monday,XLG,DCA_Weekly,18.26,25.00,1.36943499,233.02540263,3300.00,4250.16,18.24
2018-03-19,Monday,XLG,DCA_Weekly,17.70,25.00,1.41211126,234.43751389,3325.00,4140.82,17.66
2018-03-26,Monday,XLG,DCA_Weekly,17.07,25.00,1.46470410,235.90221798,3350.00,4059.94,17.21
2018-04-02,Monday,XLG,DCA_Weekly,16.79,25.00,1.48869138,237.39090937,3375.00,3958.79,16.68
2018-04-09,Monday,XLG,DCA_Weekly,17.04,25.00,1.46702636,238.85793572,3400.00,4062.68,17.01
2018-04-16,Monday,XLG,DCA_Weekly,17.34,25.00,1.44208696,240.30002269,3425.00,4173.71,17.37
2018-04-23,Monday,XLG,DCA_Weekly,17.27,25.00,1.44719036,241.74721304,3450.00,4173.60,17.26
2018-04-30,Monday,XLG,DCA_Weekly,17.27,25.00,1.44742094,243.19463399,3475.00,4181.66,17.19
2018-05-07,Monday,XLG,DCA_Weekly,17.42,25.00,1.43478998,244.62942396,3500.00,4257.42,17.40
2018-05-14,Monday,XLG,DCA_Weekly,17.86,25.00,1.39958420,246.02900816,3525.00,4386.57,17.83
2018-05-21,Monday,XLG,DCA_Weekly,17.78,25.00,1.40596479,247.43497295,3550.00,4402.34,17.79
2018-05-29,Tuesday,XLG,DCA_Weekly,17.54,25.00,1.42523743,248.86021038,3575.00,4359.09,17.52
2018-06-04,Monday,XLG,DCA_Weekly,17.92,25.00,1.39504172,250.25525210,3600.00,4488.28,17.93
2018-06-11,Monday,XLG,DCA_Weekly,18.16,25.00,1.37648493,251.63173702,3625.00,4569.44,18.16
2018-06-18,Monday,XLG,DCA_Weekly,18.03,25.00,1.38652591,253.01826293,3650.00,4573.72,18.08
2018-06-25,Monday,XLG,DCA_Weekly,17.70,25.00,1.41267870,254.43094164,3675.00,4494.68,17.67
2018-07-02,Monday,XLG,DCA_Weekly,17.70,25.00,1.41205499,255.84299662,3700.00,4554.91,17.80
2018-07-09,Monday,XLG,DCA_Weekly,18.14,25.00,1.37798763,257.22098425,3725.00,4677.84,18.19
2018-07-16,Monday,XLG,DCA_Weekly,18.37,25.00,1.36077911,258.58176335,3750.00,4752.05,18.38
2018-07-23,Monday,XLG,DCA_Weekly,18.40,25.00,1.35846693,259.94023028,3775.00,4795.18,18.45
2018-07-30,Monday,XLG,DCA_Weekly,18.42,25.00,1.35728036,261.29751064,3800.00,4794.99,18.35
2018-08-06,Monday,XLG,DCA_Weekly,18.76,25.00,1.33284334,262.63035398,3825.00,4937.06,18.80
2018-08-13,Monday,XLG,DCA_Weekly,18.72,25.00,1.33564254,263.96599652,3850.00,4925.03,18.66
2018-08-20,Monday,XLG,DCA_Weekly,18.82,25.00,1.32856068,265.29455720,3875.00,4991.78,18.82
2018-08-27,Monday,XLG,DCA_Weekly,19.08,25.00,1.31031171,266.60486891,3900.00,5095.37,19.11
2018-09-04,Tuesday,XLG,DCA_Weekly,19.14,25.00,1.30600006,267.91086896,3925.00,5128.71,19.14
2018-09-10,Monday,XLG,DCA_Weekly,19.00,25.00,1.31600427,269.22687323,3950.00,5106.86,18.97
2018-09-17,Monday,XLG,DCA_Weekly,19.10,25.00,1.30917588,270.53604911,3975.00,5148.86,19.03
2018-09-24,Monday,XLG,DCA_Weekly,19.29,25.00,1.29630965,271.83235876,4000.00,5250.15,19.31
2018-10-01,Monday,XLG,DCA_Weekly,19.46,25.00,1.28488953,273.11724830,4025.00,5310.55,19.44
2018-10-08,Monday,XLG,DCA_Weekly,19.10,25.00,1.30888406,274.42613236,4050.00,5255.36,19.15
2018-10-15,Monday,XLG,DCA_Weekly,18.37,25.00,1.36091530,275.78704765,4075.00,5047.47,18.30
2018-10-22,Monday,XLG,DCA_Weekly,18.49,25.00,1.35193773,277.13898538,4100.00,5119.60,18.47
2018-10-29,Monday,XLG,DCA_Weekly,17.78,25.00,1.40620385,278.54518923,4125.00,4902.59,17.60
2018-11-05,Monday,XLG,DCA_Weekly,18.16,25.00,1.37696707,279.92215630,4150.00,5090.57,18.19
2018-11-12,Monday,XLG,DCA_Weekly,18.26,25.00,1.36912751,281.29128381,4175.00,5088.17,18.09
2018-11-19,Monday,XLG,DCA_Weekly,17.91,25.00,1.39586513,282.68714894,4200.00,5019.90,17.76
2018-11-26,Monday,XLG,DCA_Weekly,17.51,25.00,1.42742308,284.11457202,4225.00,4998.52,17.59
2018-12-03,Monday,XLG,DCA_Weekly,18.55,25.00,1.34784653,285.46241856,4250.00,5287.07,18.52
2018-12-10,Monday,XLG,DCA_Weekly,17.42,25.00,1.43484195,286.89726051,4275.00,5031.83,17.54
2018-12-17,Monday,XLG,DCA_Weekly,17.05,25.00,1.46600076,288.36326127,4300.00,4882.48,16.93
2018-12-24,Monday,XLG,DCA_Weekly,15.77,25.00,1.58481870,289.94807996,4325.00,4528.01,15.62
2018-12-31,Monday,XLG,DCA_Weekly,16.68,25.00,1.49837231,291.44645227,4350.00,4871.93,16.72
2019-01-07,Monday,XLG,DCA_Weekly,16.94,25.00,1.47563967,292.92209194,4375.00,4973.66,16.98
2019-01-14,Monday,XLG,DCA_Weekly,17.10,25.00,1.46198112,294.38407306,4400.00,5043.37,17.13
2019-01-22,Tuesday,XLG,DCA_Weekly,17.49,25.00,1.42953573,295.81360879,4425.00,5158.88,17.44
2019-01-28,Monday,XLG,DCA_Weekly,17.40,25.00,1.43663810,297.25024689,4450.00,5179.79,17.43
2019-02-04,Monday,XLG,DCA_Weekly,17.95,25.00,1.39311972,298.64336661,4475.00,5383.69,18.03
2019-02-11,Monday,XLG,DCA_Weekly,17.89,25.00,1.39720942,300.04057603,4500.00,5357.83,17.86
2019-02-19,Tuesday,XLG,DCA_Weekly,18.28,25.00,1.36758051,301.40815654,4525.00,5519.83,18.31
2019-02-25,Monday,XLG,DCA_Weekly,18.53,25.00,1.34920997,302.75736651,4550.00,5595.20,18.48
2019-03-04,Monday,XLG,DCA_Weekly,18.55,25.00,1.34778984,304.10515635,4575.00,5634.80,18.53
2019-03-11,Monday,XLG,DCA_Weekly,18.45,25.00,1.35502197,305.46017832,4600.00,5674.39,18.58
2019-03-18,Monday,XLG,DCA_Weekly,18.88,25.00,1.32390317,306.78408149,4625.00,5804.64,18.92
2019-03-25,Monday,XLG,DCA_Weekly,18.76,25.00,1.33281917,308.11690066,4650.00,5782.66,18.77
2019-04-01,Monday,XLG,DCA_Weekly,19.14,25.00,1.30607391,309.42297458,4675.00,5936.35,19.19
2019-04-08,Monday,XLG,DCA_Weekly,19.33,25.00,1.29302934,310.71600392,4700.00,6020.65,19.38
2019-04-15,Monday,XLG,DCA_Weekly,19.44,25.00,1.28610193,312.00210585,4725.00,6076.75,19.48
2019-04-22,Monday,XLG,DCA_Weekly,19.59,25.00,1.27630552,313.27841137,4750.00,6158.38,19.66
2019-04-29,Monday,XLG,DCA_Weekly,19.88,25.00,1.25778823,314.53619961,4775.00,6255.96,19.89
2019-05-06,Monday,XLG,DCA_Weekly,19.63,25.00,1.27372381,315.80992341,4800.00,6237.93,19.75
2019-05-13,Monday,XLG,DCA_Weekly,18.91,25.00,1.32238281,317.13230622,4825.00,5980.59,18.86
2019-05-20,Monday,XLG,DCA_Weekly,19.12,25.00,1.30739738,318.43970360,4850.00,6088.82,19.12
2019-05-28,Tuesday,XLG,DCA_Weekly,18.97,25.00,1.31758181,319.75728541,4875.00,6042.63,18.90
2019-06-03,Monday,XLG,DCA_Weekly,18.32,25.00,1.36451560,321.12180101,4900.00,5859.67,18.25
2019-06-10,Monday,XLG,DCA_Weekly,19.38,25.00,1.29031792,322.41211893,4925.00,6238.25,19.35
2019-06-17,Monday,XLG,DCA_Weekly,19.40,25.00,1.28860943,323.70072837,4950.00,6281.63,19.41
2019-06-24,Monday,XLG,DCA_Weekly,19.87,25.00,1.25810365,324.95883202,4975.00,6451.60,19.85
2019-07-01,Monday,XLG,DCA_Weekly,19.89,25.00,1.25712443,326.21595645,5000.00,6482.37,19.87
2019-07-08,Monday,XLG,DCA_Weekly,19.99,25.00,1.25085599,327.46681244,5025.00,6548.08,20.00
2019-07-15,Monday,XLG,DCA_Weekly,20.30,25.00,1.23163747,328.69844991,5050.00,6670.75,20.29
2019-07-22,Monday,XLG,DCA_Weekly,20.09,25.00,1.24447556,329.94292547,5075.00,6635.04,20.11
2019-07-29,Monday,XLG,DCA_Weekly,20.34,25.00,1.22899687,331.17192234,5100.00,6736.17,20.34
2019-08-05,Monday,XLG,DCA_Weekly,19.18,25.00,1.30322420,332.47514654,5125.00,6347.92,19.09
2019-08-12,Monday,XLG,DCA_Weekly,19.41,25.00,1.28770422,333.76285076,5150.00,6466.73,19.38
2019-08-19,Monday,XLG,DCA_Weekly,19.68,25.00,1.27033588,335.03318664,5175.00,6595.36,19.69
2019-08-26,Monday,XLG,DCA_Weekly,19.34,25.00,1.29251249,336.32569913,5200.00,6522.38,19.39
2019-09-03,Tuesday,XLG,DCA_Weekly,19.55,25.00,1.27891487,337.60461400,5225.00,6598.80,19.55
2019-09-09,Monday,XLG,DCA_Weekly,20.06,25.00,1.24629443,338.85090843,5250.00,6784.93,20.02
2019-09-16,Monday,XLG,DCA_Weekly,20.12,25.00,1.24232941,340.09323783,5275.00,6841.39,20.12
2019-09-23,Monday,XLG,DCA_Weekly,20.08,25.00,1.24504490,341.33828273,5300.00,6860.04,20.10
2019-09-30,Monday,XLG,DCA_Weekly,19.99,25.00,1.25064854,342.58893127,5325.00,6856.13,20.01
2019-10-07,Monday,XLG,DCA_Weekly,19.90,25.00,1.25622824,343.84515951,5350.00,6833.01,19.87
2019-10-14,Monday,XLG,DCA_Weekly,20.09,25.00,1.24444664,345.08960615,5375.00,6921.13,20.06
2019-10-21,Monday,XLG,DCA_Weekly,20.26,25.00,1.23394428,346.32355043,5400.00,7026.79,20.29
2019-10-28,Monday,XLG,DCA_Weekly,20.58,25.00,1.21501870,347.53856913,5425.00,7166.03,20.62
2019-11-04,Monday,XLG,DCA_Weekly,20.89,25.00,1.19658387,348.73515300,5450.00,7276.78,20.87
2019-11-11,Monday,XLG,DCA_Weekly,20.98,25.00,1.19165386,349.92680686,5475.00,7351.75,21.01
2019-11-18,Monday,XLG,DCA_Weekly,21.22,25.00,1.17801970,351.10482656,5500.00,7463.82,21.26
2019-11-25,Monday,XLG,DCA_Weekly,21.28,25.00,1.17487748,352.27970404,5525.00,7511.36,21.32
2019-12-02,Monday,XLG,DCA_Weekly,21.30,25.00,1.17359170,353.45329573,5550.00,7508.75,21.24
2019-12-09,Monday,XLG,DCA_Weekly,21.43,25.00,1.16642171,354.61971744,5575.00,7583.30,21.38
2019-12-16,Monday,XLG,DCA_Weekly,21.78,25.00,1.14809140,355.76780884,5600.00,7752.30,21.79
2019-12-23,Monday,XLG,DCA_Weekly,22.02,25.00,1.13523286,356.90304170,5625.00,7855.22,22.01
2019-12-30,Monday,XLG,DCA_Weekly,22.05,25.00,1.13374830,358.03678999,5650.00,7884.91,22.02
2020-01-06,Monday,XLG,DCA_Weekly,22.15,25.00,1.12873752,359.16552751,5675.00,8003.86,22.28
2020-01-13,Monday,XLG,DCA_Weekly,22.56,25.00,1.10831682,360.27384434,5700.00,8144.40,22.61
2020-01-21,Tuesday,XLG,DCA_Weekly,22.86,25.00,1.09380199,361.36764633,5725.00,8257.99,22.85
2020-01-27,Monday,XLG,DCA_Weekly,22.33,25.00,1.11971304,362.48735936,5750.00,8103.59,22.36
2020-02-03,Monday,XLG,DCA_Weekly,22.55,25.00,1.10877009,363.59612945,5775.00,8200.25,22.55
2020-02-10,Monday,XLG,DCA_Weekly,23.25,25.00,1.07535824,364.67148770,5800.00,8533.52,23.40
2020-02-18,Tuesday,XLG,DCA_Weekly,23.36,25.00,1.07011264,365.74160034,5825.00,8553.03,23.39
2020-02-24,Monday,XLG,DCA_Weekly,22.30,25.00,1.12093570,366.86253604,5850.00,8167.40,22.26
2020-03-02,Monday,XLG,DCA_Weekly,21.10,25.00,1.18469885,368.04723489,5875.00,7936.89,21.56
2020-03-09,Monday,XLG,DCA_Weekly,18.99,25.00,1.31659096,369.36382584,5900.00,7109.09,19.25
2020-03-16,Monday,XLG,DCA_Weekly,17.43,25.00,1.43451560,370.79834145,5925.00,6527.92,17.61
2020-03-23,Monday,XLG,DCA_Weekly,16.45,25.00,1.51966479,372.31800624,5950.00,6088.98,16.35
2020-03-30,Monday,XLG,DCA_Weekly,18.61,25.00,1.34363090,373.66163713,5975.00,7046.53,18.86
2020-04-06,Monday,XLG,DCA_Weekly,19.02,25.00,1.31445782,374.97609495,6000.00,7225.72,19.27
2020-04-13,Monday,XLG,DCA_Weekly,19.83,25.00,1.26049436,376.23658931,6025.00,7492.23,19.91
2020-04-20,Monday,XLG,DCA_Weekly,20.59,25.00,1.21421184,377.45080115,6050.00,7745.05,20.52
2020-04-27,Monday,XLG,DCA_Weekly,20.77,25.00,1.20345696,378.65425811,6075.00,7869.84,20.78
2020-05-04,Monday,XLG,DCA_Weekly,20.56,25.00,1.21596719,379.87022530,6100.00,7861.16,20.69
2020-05-11,Monday,XLG,DCA_Weekly,21.32,25.00,1.17282799,381.04305329,6125.00,8155.74,21.40
2020-05-18,Monday,XLG,DCA_Weekly,21.49,25.00,1.16334330,382.20639659,6150.00,8220.98,21.51
2020-05-26,Tuesday,XLG,DCA_Weekly,21.88,25.00,1.14245184,383.34884843,6175.00,8322.11,21.71
2020-06-01,Monday,XLG,DCA_Weekly,21.95,25.00,1.13885141,384.48769983,6200.00,8458.35,22.00
2020-06-08,Monday,XLG,DCA_Weekly,22.88,25.00,1.09260919,385.58030902,6225.00,8865.18,22.99
2020-06-15,Monday,XLG,DCA_Weekly,21.90,25.00,1.14160850,386.72191752,6250.00,8559.72,22.13
2020-06-22,Monday,XLG,DCA_Weekly,22.64,25.00,1.10430707,387.82622459,6275.00,8830.84,22.77
2020-06-29,Monday,XLG,DCA_Weekly,22.18,25.00,1.12693032,388.95315491,6300.00,8682.05,22.32
2020-07-06,Monday,XLG,DCA_Weekly,23.39,25.00,1.06860921,390.02176412,6325.00,9157.74,23.48
2020-07-13,Monday,XLG,DCA_Weekly,23.79,25.00,1.05087361,391.07263773,6350.00,9183.90,23.48
2020-07-20,Monday,XLG,DCA_Weekly,23.91,25.00,1.04576661,392.11840434,6375.00,9453.18,24.11
2020-07-27,Monday,XLG,DCA_Weekly,23.64,25.00,1.05761918,393.17602352,6400.00,9323.72,23.71
2020-08-03,Monday,XLG,DCA_Weekly,24.38,25.00,1.02551299,394.20153651,6425.00,9619.64,24.40
2020-08-10,Monday,XLG,DCA_Weekly,24.79,25.00,1.00854658,395.21008309,6450.00,9802.65,24.80
2020-08-17,Monday,XLG,DCA_Weekly,25.02,25.00,0.99929468,396.20937777,6475.00,9908.35,25.01
2020-08-24,Monday,XLG,DCA_Weekly,25.69,25.00,0.97308033,397.18245810,6500.00,10202.17,25.69
2020-08-31,Monday,XLG,DCA_Weekly,26.50,25.00,0.94344275,398.12590085,6525.00,10532.24,26.45
2020-09-08,Tuesday,XLG,DCA_Weekly,25.02,25.00,0.99938021,399.12528106,6550.00,9919.57,24.85
2020-09-14,Monday,XLG,DCA_Weekly,25.20,25.00,0.99207628,400.11735733,6575.00,10065.65,25.16
2020-09-21,Monday,XLG,DCA_Weekly,24.10,25.00,1.03752447,401.15488180,6600.00,9744.92,24.29
2020-09-28,Monday,XLG,DCA_Weekly,24.87,25.00,1.00541151,402.16029331,6625.00,10013.04,24.90
2020-10-05,Monday,XLG,DCA_Weekly,25.06,25.00,0.99773430,403.15802761,6650.00,10157.14,25.19
2020-10-12,Monday,XLG,DCA_Weekly,26.10,25.00,0.95777402,404.11580163,6675.00,10602.39,26.24
2020-10-19,Monday,XLG,DCA_Weekly,25.56,25.00,0.97803918,405.09384081,6700.00,10239.16,25.28
2020-10-26,Monday,XLG,DCA_Weekly,25.11,25.00,0.99557277,406.08941358,6725.00,10169.77,25.04
2020-11-02,Monday,XLG,DCA_Weekly,24.24,25.00,1.03134666,407.12076024,6750.00,9854.10,24.20
2020-11-09,Monday,XLG,DCA_Weekly,26.26,25.00,0.95219548,408.07295572,6775.00,10579.65,25.93
2020-11-16,Monday,XLG,DCA_Weekly,26.28,25.00,0.95141760,409.02437332,6800.00,10774.50,26.34
2020-11-23,Monday,XLG,DCA_Weekly,25.83,25.00,0.96793917,409.99231249,6825.00,10578.16,25.80
2020-11-30,Monday,XLG,DCA_Weekly,26.26,25.00,0.95207451,410.94438700,6850.00,10818.41,26.33
2020-12-07,Monday,XLG,DCA_Weekly,26.72,25.00,0.93545863,411.87984563,6875.00,11018.34,26.75
2020-12-14,Monday,XLG,DCA_Weekly,26.61,25.00,0.93953475,412.81938037,6900.00,10929.23,26.47
2020-12-21,Monday,XLG,DCA_Weekly,26.78,25.00,0.93352911,413.75290948,6925.00,11146.70,26.94
2020-12-28,Monday,XLG,DCA_Weekly,27.25,25.00,0.91739914,414.67030863,6950.00,11342.15,27.35
2021-01-04,Monday,XLG,DCA_Weekly,27.09,25.00,0.92290383,415.59321246,6975.00,11202.25,26.95
2021-01-11,Monday,XLG,DCA_Weekly,27.32,25.00,0.91522041,416.50843287,7000.00,11369.69,27.30
2021-01-19,Tuesday,XLG,DCA_Weekly,27.14,25.00,0.92112942,417.42956229,7025.00,11357.27,27.21
2021-01-25,Monday,XLG,DCA_Weekly,27.99,25.00,0.89323251,418.32279480,7050.00,11747.27,28.08
2021-02-01,Monday,XLG,DCA_Weekly,27.47,25.00,0.90994937,419.23274418,7075.00,11560.87,27.58
2021-02-08,Monday,XLG,DCA_Weekly,28.49,25.00,0.87753131,420.11027549,7100.00,11985.32,28.53
2021-02-16,Tuesday,XLG,DCA_Weekly,28.68,25.00,0.87175198,420.98202747,7125.00,12061.38,28.65
2021-02-22,Monday,XLG,DCA_Weekly,28.03,25.00,0.89181383,421.87384130,7150.00,11808.21,27.99
2021-03-01,Monday,XLG,DCA_Weekly,27.99,25.00,0.89332395,422.76716526,7175.00,11889.49,28.12
2021-03-08,Monday,XLG,DCA_Weekly,27.53,25.00,0.90804288,423.67520814,7200.00,11576.28,27.32
2021-03-15,Monday,XLG,DCA_Weekly,28.18,25.00,0.88705674,424.56226487,7225.00,12001.35,28.27
2021-03-22,Monday,XLG,DCA_Weekly,28.12,25.00,0.88912616,425.45139103,7250.00,12016.87,28.24
2021-03-29,Monday,XLG,DCA_Weekly,28.38,25.00,0.88077027,426.33216130,7275.00,12135.10,28.46
2021-04-05,Monday,XLG,DCA_Weekly,29.13,25.00,0.85815757,427.19031887,7300.00,12511.55,29.29
2021-04-12,Monday,XLG,DCA_Weekly,29.82,25.00,0.83825343,428.02857230,7325.00,12775.35,29.85
2021-04-19,Monday,XLG,DCA_Weekly,30.16,25.00,0.82898328,428.85755559,7350.00,12921.19,30.13
2021-04-26,Monday,XLG,DCA_Weekly,30.15,25.00,0.82931338,429.68686896,7375.00,12959.80,30.16
2021-05-03,Monday,XLG,DCA_Weekly,30.24,25.00,0.82685038,430.51371935,7400.00,12982.67,30.16
2021-05-10,Monday,XLG,DCA_Weekly,30.08,25.00,0.83123344,431.34495279,7425.00,12894.64,29.89
2021-05-17,Monday,XLG,DCA_Weekly,29.76,25.00,0.83992360,432.18487639,7450.00,12869.52,29.78
2021-05-24,Monday,XLG,DCA_Weekly,30.05,25.00,0.83191080,433.01678719,7475.00,13044.01,30.12
2021-06-01,Tuesday,XLG,DCA_Weekly,30.04,25.00,0.83209028,433.84887748,7500.00,12976.99,29.91
2021-06-07,Monday,XLG,DCA_Weekly,30.23,25.00,0.82708677,434.67596425,7525.00,13152.86,30.26
2021-06-14,Monday,XLG,DCA_Weekly,30.64,25.00,0.81581083,435.49177508,7550.00,13384.58,30.73
2021-06-21,Monday,XLG,DCA_Weekly,30.55,25.00,0.81831355,436.31008863,7575.00,13385.76,30.68
2021-06-28,Monday,XLG,DCA_Weekly,31.24,25.00,0.80021627,437.11030490,7600.00,13685.27,31.31
2021-07-06,Tuesday,XLG,DCA_Weekly,31.87,25.00,0.78448774,437.89479264,7625.00,13990.34,31.95
2021-07-12,Monday,XLG,DCA_Weekly,32.21,25.00,0.77621710,438.67100974,7650.00,14140.64,32.24
2021-07-19,Monday,XLG,DCA_Weekly,31.50,25.00,0.79367027,439.46468000,7675.00,13843.22,31.50
2021-07-26,Monday,XLG,DCA_Weekly,32.67,25.00,0.76525954,440.22993954,7700.00,14414.37,32.74
2021-08-02,Monday,XLG,DCA_Weekly,32.31,25.00,0.77386226,441.00380180,7725.00,14205.64,32.21
2021-08-09,Monday,XLG,DCA_Weekly,32.61,25.00,0.76662719,441.77042900,7750.00,14398.00,32.59
2021-08-16,Monday,XLG,DCA_Weekly,32.82,25.00,0.76167747,442.53210646,7775.00,14592.06,32.97
2021-08-23,Monday,XLG,DCA_Weekly,33.06,25.00,0.75626729,443.28837376,7800.00,14703.25,33.17
2021-08-30,Monday,XLG,DCA_Weekly,33.46,25.00,0.74720973,444.03558348,7825.00,14906.82,33.57
2021-09-07,Tuesday,XLG,DCA_Weekly,33.60,25.00,0.74393784,444.77952133,7850.00,14950.65,33.61
2021-09-13,Monday,XLG,DCA_Weekly,33.16,25.00,0.75397682,445.53349815,7875.00,14757.12,33.12
2021-09-20,Monday,XLG,DCA_Weekly,32.20,25.00,0.77637970,446.30987785,7900.00,14375.27,32.21
2021-09-27,Monday,XLG,DCA_Weekly,32.77,25.00,0.76286965,447.07274750,7925.00,14659.53,32.79
2021-10-04,Monday,XLG,DCA_Weekly,31.85,25.00,0.78496841,447.85771591,7950.00,14178.79,31.66
2021-10-11,Monday,XLG,DCA_Weekly,32.39,25.00,0.77182548,448.62954139,7975.00,14472.02,32.26
2021-10-18,Monday,XLG,DCA_Weekly,33.07,25.00,0.75590942,449.38545081,8000.00,14939.25,33.24
2021-10-25,Monday,XLG,DCA_Weekly,33.61,25.00,0.74378857,450.12923938,8025.00,15168.63,33.70
2021-11-01,Monday,XLG,DCA_Weekly,34.42,25.00,0.72638016,450.85561954,8050.00,15501.46,34.38
2021-11-08,Monday,XLG,DCA_Weekly,35.16,25.00,0.71097338,451.56659292,8075.00,15859.98,35.12
2021-11-15,Monday,XLG,DCA_Weekly,34.88,25.00,0.71668667,452.28327959,8100.00,15759.24,34.84
2021-11-22,Monday,XLG,DCA_Weekly,35.39,25.00,0.70650730,452.98978689,8125.00,15921.31,35.15
2021-11-29,Monday,XLG,DCA_Weekly,34.96,25.00,0.71510193,453.70488882,8150.00,15884.82,35.01
2021-12-06,Monday,XLG,DCA_Weekly,34.28,25.00,0.72933474,454.43422356,8175.00,15638.08,34.41
2021-12-13,Monday,XLG,DCA_Weekly,35.30,25.00,0.70824261,455.14246617,8200.00,15994.77,35.14
2021-12-20,Monday,XLG,DCA_Weekly,34.24,25.00,0.73024070,455.87270687,8225.00,15638.18,34.30
2021-12-27,Monday,XLG,DCA_Weekly,35.82,25.00,0.69791808,456.57062495,8250.00,16445.87,36.02
2022-01-03,Monday,XLG,DCA_Weekly,35.90,25.00,0.69637911,457.26700406,8275.00,16496.56,36.08
2022-01-10,Monday,XLG,DCA_Weekly,34.60,25.00,0.72264428,457.98964834,8300.00,15968.15,34.87
2022-01-18,Tuesday,XLG,DCA_Weekly,34.18,25.00,0.73148341,458.72113175,8325.00,15628.28,34.07
2022-01-24,Monday,XLG,DCA_Weekly,32.17,25.00,0.77702993,459.49816168,8350.00,15008.39,32.66
2022-01-31,Monday,XLG,DCA_Weekly,33.51,25.00,0.74599262,460.24415430,8375.00,15569.96,33.83
2022-02-07,Monday,XLG,DCA_Weekly,33.56,25.00,0.74497313,460.98912744,8400.00,15402.01,33.41
2022-02-14,Monday,XLG,DCA_Weekly,32.70,25.00,0.76444774,461.75357518,8425.00,15119.95,32.74
2022-02-22,Tuesday,XLG,DCA_Weekly,31.96,25.00,0.78224707,462.53582225,8450.00,14748.57,31.89
2022-02-28,Monday,XLG,DCA_Weekly,32.26,25.00,0.77505902,463.31088127,8475.00,15026.01,32.43
2022-03-07,Monday,XLG,DCA_Weekly,31.45,25.00,0.79480454,464.10568581,8500.00,14396.70,31.02
2022-03-14,Monday,XLG,DCA_Weekly,30.95,25.00,0.80773383,464.91341965,8525.00,14292.04,30.74
2022-03-21,Monday,XLG,DCA_Weekly,33.11,25.00,0.75506722,465.66848686,8550.00,15447.64,33.17
2022-03-28,Monday,XLG,DCA_Weekly,34.13,25.00,0.73240531,466.40089217,8575.00,16011.95,34.33
2022-04-04,Monday,XLG,DCA_Weekly,34.31,25.00,0.72870074,467.12959291,8600.00,16124.24,34.52
2022-04-11,Monday,XLG,DCA_Weekly,32.94,25.00,0.75884441,467.88843732,8625.00,15319.27,32.74
2022-04-18,Monday,XLG,DCA_Weekly,32.43,25.00,0.77093601,468.65937333,8650.00,15222.01,32.48
2022-04-25,Monday,XLG,DCA_Weekly,31.40,25.00,0.79620258,469.45557592,8675.00,14880.66,31.70
2022-05-02,Monday,XLG,DCA_Weekly,30.43,25.00,0.82163580,470.27721171,8700.00,14428.23,30.68
2022-05-09,Monday,XLG,DCA_Weekly,29.52,25.00,0.84684827,471.12405998,8725.00,13810.22,29.31
2022-05-16,Monday,XLG,DCA_Weekly,29.39,25.00,0.85063500,471.97469498,8750.00,13848.86,29.34
2022-05-23,Monday,XLG,DCA_Weekly,28.74,25.00,0.86975083,472.84444580,8775.00,13696.32,28.97
2022-05-31,Tuesday,XLG,DCA_Weekly,30.11,25.00,0.83032738,473.67477318,8800.00,14253.20,30.09
2022-06-06,Monday,XLG,DCA_Weekly,30.12,25.00,0.83013390,474.50490709,8825.00,14224.44,29.98
2022-06-13,Monday,XLG,DCA_Weekly,27.45,25.00,0.91067367,475.41558076,8850.00,12964.91,27.27
2022-06-21,Tuesday,XLG,DCA_Weekly,27.61,25.00,0.90560136,476.32118212,8875.00,13216.62,27.75
2022-06-27,Monday,XLG,DCA_Weekly,28.90,25.00,0.86492731,477.18610943,8900.00,13736.12,28.79
2022-07-05,Tuesday,XLG,DCA_Weekly,27.98,25.00,0.89342768,478.07953711,8925.00,13536.61,28.31
2022-07-11,Monday,XLG,DCA_Weekly,28.66,25.00,0.87223327,478.95177037,8950.00,13683.20,28.57
2022-07-18,Monday,XLG,DCA_Weekly,28.68,25.00,0.87179757,479.82356795,8975.00,13636.33,28.42
2022-07-25,Monday,XLG,DCA_Weekly,29.28,25.00,0.85369566,480.67726360,9000.00,14075.66,29.28
2022-08-01,Monday,XLG,DCA_Weekly,30.51,25.00,0.81949398,481.49675759,9025.00,14679.61,30.49
2022-08-08,Monday,XLG,DCA_Weekly,30.72,25.00,0.81372918,482.31048677,9050.00,14747.05,30.58
2022-08-15,Monday,XLG,DCA_Weekly,31.60,25.00,0.79119094,483.10167771,9075.00,15335.29,31.74
2022-08-22,Monday,XLG,DCA_Weekly,30.63,25.00,0.81626464,483.91794235,9100.00,14755.30,30.49
2022-08-29,Monday,XLG,DCA_Weekly,29.55,25.00,0.84606244,484.76400480,9125.00,14305.99,29.51
2022-09-06,Tuesday,XLG,DCA_Weekly,28.64,25.00,0.87305434,485.63705913,9150.00,13867.59,28.56
2022-09-12,Monday,XLG,DCA_Weekly,29.92,25.00,0.83554278,486.47260192,9175.00,14602.13,30.02
2022-09-19,Monday,XLG,DCA_Weekly,28.18,25.00,0.88707034,487.35967225,9200.00,13851.78,28.42
2022-09-26,Monday,XLG,DCA_Weekly,27.04,25.00,0.92466116,488.28433341,9225.00,13164.49,26.96
2022-10-03,Monday,XLG,DCA_Weekly,26.62,25.00,0.93923136,489.22356477,9250.00,13105.92,26.79
2022-10-10,Monday,XLG,DCA_Weekly,26.32,25.00,0.94984365,490.17340842,9275.00,12856.77,26.23
2022-10-17,Monday,XLG,DCA_Weekly,26.73,25.00,0.93530303,491.10871145,9300.00,13188.00,26.85
2022-10-24,Monday,XLG,DCA_Weekly,27.61,25.00,0.90553971,492.01425116,9325.00,13663.86,27.77
2022-10-31,Monday,XLG,DCA_Weekly,27.78,25.00,0.89997384,492.91422501,9350.00,13685.50,27.76
2022-11-07,Monday,XLG,DCA_Weekly,26.80,25.00,0.93271932,493.84694432,9375.00,13295.69,26.92
2022-11-14,Monday,XLG,DCA_Weekly,28.21,25.00,0.88615132,494.73309564,9400.00,13917.23,28.13
2022-11-21,Monday,XLG,DCA_Weekly,28.04,25.00,0.89157795,495.62467360,9425.00,13875.19,28.00
2022-11-28,Monday,XLG,DCA_Weekly,28.25,25.00,0.88506630,496.50973990,9450.00,13963.82,28.12
2022-12-05,Monday,XLG,DCA_Weekly,28.56,25.00,0.87530712,497.38504702,9475.00,14132.84,28.41
2022-12-12,Monday,XLG,DCA_Weekly,28.10,25.00,0.88980026,498.27484728,9500.00,14089.68,28.28
2022-12-19,Monday,XLG,DCA_Weekly,27.06,25.00,0.92395759,499.19880487,9525.00,13454.62,26.95
2022-12-27,Tuesday,XLG,DCA_Weekly,26.89,25.00,0.92984510,500.12864997,9550.00,13409.28,26.81
2023-01-03,Tuesday,XLG,DCA_Weekly,26.96,25.00,0.92737512,501.05602509,9575.00,13438.06,26.82
2023-01-09,Monday,XLG,DCA_Weekly,27.29,25.00,0.91598986,501.97201496,9600.00,13627.51,27.15
2023-01-17,Tuesday,XLG,DCA_Weekly,27.99,25.00,0.89310119,502.86511614,9625.00,14064.21,27.97
2023-01-23,Monday,XLG,DCA_Weekly,28.25,25.00,0.88501866,503.75013480,9650.00,14294.32,28.38
2023-01-30,Monday,XLG,DCA_Weekly,28.56,25.00,0.87539970,504.62553450,9675.00,14341.85,28.42
2023-02-06,Monday,XLG,DCA_Weekly,29.42,25.00,0.84987808,505.47541258,9700.00,14870.54,29.42
2023-02-13,Monday,XLG,DCA_Weekly,29.44,25.00,0.84927124,506.32468382,9725.00,14981.65,29.59
2023-02-21,Tuesday,XLG,DCA_Weekly,28.67,25.00,0.87195981,507.19664363,9750.00,14464.01,28.52
2023-02-27,Monday,XLG,DCA_Weekly,28.53,25.00,0.87626222,508.07290585,9775.00,14473.11,28.49
2023-03-06,Monday,XLG,DCA_Weekly,29.14,25.00,0.85800479,508.93091064,9800.00,14799.05,29.08
2023-03-13,Monday,XLG,DCA_Weekly,27.94,25.00,0.89473374,509.82564439,9825.00,14298.26,28.05
2023-03-20,Monday,XLG,DCA_Weekly,29.10,25.00,0.85899069,510.68463508,9850.00,14912.51,29.20
2023-03-27,Monday,XLG,DCA_Weekly,29.62,25.00,0.84399399,511.52862908,9875.00,15109.25,29.54
2023-04-03,Monday,XLG,DCA_Weekly,30.44,25.00,0.82123345,512.34986252,9900.00,15664.17,30.57
2023-04-10,Monday,XLG,DCA_Weekly,30.44,25.00,0.82129975,513.17116228,9925.00,15673.68,30.54
2023-04-17,Monday,XLG,DCA_Weekly,30.77,25.00,0.81235411,513.98351638,9950.00,15853.26,30.84
2023-04-24,Monday,XLG,DCA_Weekly,30.69,25.00,0.81466499,514.79818138,9975.00,15795.07,30.68
2023-05-01,Monday,XLG,DCA_Weekly,31.23,25.00,0.80062925,515.59881063,10000.00,16093.23,31.21
2023-05-08,Monday,XLG,DCA_Weekly,31.20,25.00,0.80123945,516.40005008,10025.00,16131.41,31.24
2023-05-15,Monday,XLG,DCA_Weekly,31.30,25.00,0.79873490,517.19878498,10050.00,16194.91,31.31
2023-05-22,Monday,XLG,DCA_Weekly,32.01,25.00,0.78111724,517.97990223,10075.00,16567.89,31.99
2023-05-30,Tuesday,XLG,DCA_Weekly,32.71,25.00,0.76434004,518.74424227,10100.00,16926.10,32.63
2023-06-05,Monday,XLG,DCA_Weekly,33.20,25.00,0.75305457,519.49729683,10125.00,17212.07,33.13
2023-06-12,Monday,XLG,DCA_Weekly,33.45,25.00,0.74747851,520.24477534,10150.00,17473.60,33.59
2023-06-20,Tuesday,XLG,DCA_Weekly,34.00,25.00,0.73539084,520.98016618,10175.00,17744.81,34.06
2023-06-26,Monday,XLG,DCA_Weekly,33.61,25.00,0.74393481,521.72410098,10200.00,17427.40,33.40
2023-07-03,Monday,XLG,DCA_Weekly,34.41,25.00,0.72653181,522.45063279,10225.00,17983.98,34.42
2023-07-10,Monday,XLG,DCA_Weekly,33.88,25.00,0.73798493,523.18861772,10250.00,17726.38,33.88
2023-07-17,Monday,XLG,DCA_Weekly,34.95,25.00,0.71535818,523.90397590,10275.00,18347.79,35.02
2023-07-24,Monday,XLG,DCA_Weekly,35.01,25.00,0.71410225,524.61807816,10300.00,18388.28,35.05
2023-07-31,Monday,XLG,DCA_Weekly,35.49,25.00,0.70450379,525.32258195,10325.00,18655.79,35.51
2023-08-07,Monday,XLG,DCA_Weekly,34.80,25.00,0.71849205,526.04107400,10350.00,18360.56,34.90
2023-08-14,Monday,XLG,DCA_Weekly,34.50,25.00,0.72463666,526.76571066,10375.00,18287.42,34.72
2023-08-21,Monday,XLG,DCA_Weekly,34.05,25.00,0.73415893,527.49986959,10400.00,18043.14,34.21
2023-08-28,Monday,XLG,DCA_Weekly,34.41,25.00,0.72650058,528.22637017,10425.00,18203.06,34.46
2023-09-05,Tuesday,XLG,DCA_Weekly,35.26,25.00,0.70907271,528.93544288,10450.00,18654.05,35.27
2023-09-11,Monday,XLG,DCA_Weekly,35.15,25.00,0.71125493,529.64669781,10475.00,18658.30,35.23
2023-09-18,Monday,XLG,DCA_Weekly,34.80,25.00,0.71840020,530.36509801,10500.00,18478.69,34.84
2023-09-25,Monday,XLG,DCA_Weekly,33.72,25.00,0.74134558,531.10644359,10525.00,17991.38,33.88
2023-10-02,Monday,XLG,DCA_Weekly,33.60,25.00,0.74411938,531.85056297,10550.00,17937.93,33.73
2023-10-09,Monday,XLG,DCA_Weekly,33.97,25.00,0.73585985,532.58642282,10575.00,18188.53,34.15
2023-10-16,Monday,XLG,DCA_Weekly,34.38,25.00,0.72715539,533.31357822,10600.00,18386.88,34.48
2023-10-23,Monday,XLG,DCA_Weekly,33.28,25.00,0.75128446,534.06486268,10625.00,17807.27,33.34
2023-10-30,Monday,XLG,DCA_Weekly,32.78,25.00,0.76275316,534.82761584,10650.00,17590.15,32.89
2023-11-06,Monday,XLG,DCA_Weekly,34.44,25.00,0.72580254,535.55341838,10675.00,18495.78,34.54
2023-11-13,Monday,XLG,DCA_Weekly,35.09,25.00,0.71239575,536.26581413,10700.00,18848.18,35.15
2023-11-20,Monday,XLG,DCA_Weekly,36.01,25.00,0.69416170,536.95997583,10725.00,19423.13,36.17
2023-11-27,Monday,XLG,DCA_Weekly,36.15,25.00,0.69160581,537.65158164,10750.00,19421.65,36.12
2023-12-04,Monday,XLG,DCA_Weekly,35.75,25.00,0.69937873,538.35096037,10775.00,19271.76,35.80
2023-12-11,Monday,XLG,DCA_Weekly,36.20,25.00,0.69066394,539.04162431,10800.00,19562.21,36.29
2023-12-18,Monday,XLG,DCA_Weekly,37.06,25.00,0.67456915,539.71619346,10825.00,20059.59,37.17
2023-12-26,Tuesday,XLG,DCA_Weekly,37.30,25.00,0.67032409,540.38651754,10850.00,20169.95,37.33
2024-01-02,Tuesday,XLG,DCA_Weekly,36.93,25.00,0.67687039,541.06338793,10875.00,19997.38,36.96
2024-01-08,Monday,XLG,DCA_Weekly,37.00,25.00,0.67560495,541.73899288,10900.00,20199.02,37.29
2024-01-16,Tuesday,XLG,DCA_Weekly,37.64,25.00,0.66416463,542.40315751,10925.00,20427.46,37.66
2024-01-22,Monday,XLG,DCA_Weekly,38.55,25.00,0.64850117,543.05165868,10950.00,20886.58,38.46
2024-01-29,Monday,XLG,DCA_Weekly,39.12,25.00,0.63908120,543.69073988,10975.00,21351.73,39.27
2024-02-05,Monday,XLG,DCA_Weekly,39.58,25.00,0.63166126,544.32240114,11000.00,21548.67,39.59
2024-02-12,Monday,XLG,DCA_Weekly,40.33,25.00,0.61989781,544.94229896,11025.00,21917.86,40.22
2024-02-20,Tuesday,XLG,DCA_Weekly,39.77,25.00,0.62863962,545.57093857,11050.00,21668.18,39.72
2024-02-26,Monday,XLG,DCA_Weekly,40.80,25.00,0.61280277,546.18374134,11075.00,22205.28,40.66
2024-03-04,Monday,XLG,DCA_Weekly,41.09,25.00,0.60838164,546.79212299,11100.00,22440.76,41.04
2024-03-11,Monday,XLG,DCA_Weekly,40.71,25.00,0.61414172,547.40626471,11125.00,22303.67,40.74
2024-03-18,Monday,XLG,DCA_Weekly,41.32,25.00,0.60502057,548.01128528,11150.00,22588.69,41.22
2024-03-25,Monday,XLG,DCA_Weekly,41.71,25.00,0.59934632,548.61063160,11175.00,22895.93,41.73
2024-04-01,Monday,XLG,DCA_Weekly,41.78,25.00,0.59842278,549.20905438,11200.00,22931.78,41.75
2024-04-08,Monday,XLG,DCA_Weekly,41.47,25.00,0.60288908,549.81194346,11225.00,22777.27,41.43
2024-04-15,Monday,XLG,DCA_Weekly,41.02,25.00,0.60947596,550.42141942,11250.00,22317.35,40.55
2024-04-22,Monday,XLG,DCA_Weekly,39.78,25.00,0.62848177,551.04990119,11275.00,21971.73,39.87
2024-04-29,Monday,XLG,DCA_Weekly,40.83,25.00,0.61228472,551.66218592,11300.00,22520.64,40.82
2024-05-06,Monday,XLG,DCA_Weekly,41.52,25.00,0.60206236,552.26424827,11325.00,23037.47,41.71
2024-05-13,Monday,XLG,DCA_Weekly,41.92,25.00,0.59644321,552.86069148,11350.00,23171.86,41.91
2024-05-20,Monday,XLG,DCA_Weekly,42.79,25.00,0.58419276,553.44488424,11375.00,23678.69,42.78
2024-05-28,Tuesday,XLG,DCA_Weekly,43.30,25.00,0.57731210,554.02219634,11400.00,24060.04,43.43
2024-06-03,Monday,XLG,DCA_Weekly,43.03,25.00,0.58096594,554.60316229,11425.00,23931.47,43.15
2024-06-10,Monday,XLG,DCA_Weekly,43.97,25.00,0.56856740,555.17172968,11450.00,24467.35,44.07
2024-06-17,Monday,XLG,DCA_Weekly,45.44,25.00,0.55016545,555.72189514,11475.00,25328.17,45.58
2024-06-24,Monday,XLG,DCA_Weekly,45.14,25.00,0.55386315,556.27575829,11500.00,25002.63,44.95
2024-07-01,Monday,XLG,DCA_Weekly,45.61,25.00,0.54813871,556.82389700,11525.00,25491.45,45.78
2024-07-08,Monday,XLG,DCA_Weekly,46.97,25.00,0.53229964,557.35619664,11550.00,26185.10,46.98
2024-07-15,Monday,XLG,DCA_Weekly,47.10,25.00,0.53084145,557.88703808,11575.00,26221.12,47.00
2024-07-22,Monday,XLG,DCA_Weekly,45.95,25.00,0.54402509,558.43106318,11600.00,25703.57,46.03
2024-07-29,Monday,XLG,DCA_Weekly,44.78,25.00,0.55825107,558.98931424,11625.00,24997.00,44.72
2024-08-05,Monday,XLG,DCA_Weekly,41.81,25.00,0.59790140,559.58721565,11650.00,23624.27,42.22
2024-08-12,Monday,XLG,DCA_Weekly,43.77,25.00,0.57119396,560.15840960,11675.00,24515.61,43.77
2024-08-19,Monday,XLG,DCA_Weekly,46.02,25.00,0.54320393,560.70161353,11700.00,25952.76,46.29
2024-08-26,Monday,XLG,DCA_Weekly,46.22,25.00,0.54090035,561.24251389,11725.00,25910.96,46.17
2024-09-03,Tuesday,XLG,DCA_Weekly,45.42,25.00,0.55038413,561.79289801,11750.00,25306.36,45.05
2024-09-09,Monday,XLG,DCA_Weekly,44.37,25.00,0.56346429,562.35636231,11775.00,25008.05,44.47
2024-09-16,Monday,XLG,DCA_Weekly,45.94,25.00,0.54423077,562.90059308,11800.00,25909.30,46.03
2024-09-23,Monday,XLG,DCA_Weekly,46.82,25.00,0.53392343,563.43451651,11825.00,26390.21,46.84
2024-09-30,Monday,XLG,DCA_Weekly,47.04,25.00,0.53144083,563.96595734,11850.00,26650.60,47.26
2024-10-07,Monday,XLG,DCA_Weekly,46.91,25.00,0.53296151,564.49891885,11875.00,26355.87,46.69
2024-10-14,Monday,XLG,DCA_Weekly,48.05,25.00,0.52033363,565.01925247,11900.00,27194.72,48.13
2024-10-21,Monday,XLG,DCA_Weekly,48.11,25.00,0.51968840,565.53894087,11925.00,27287.20,48.25
2024-10-28,Monday,XLG,DCA_Weekly,48.25,25.00,0.51810895,566.05704983,11950.00,27267.18,48.17
2024-11-04,Monday,XLG,DCA_Weekly,47.12,25.00,0.53059974,566.58764956,11975.00,26661.83,47.06
2024-11-11,Monday,XLG,DCA_Weekly,49.45,25.00,0.50560747,567.09325704,12000.00,28004.95,49.38
2024-11-18,Monday,XLG,DCA_Weekly,48.43,25.00,0.51619446,567.60945150,12025.00,27528.19,48.50
2024-11-25,Monday,XLG,DCA_Weekly,48.97,25.00,0.51048314,568.11993464,12050.00,27756.29,48.86
2024-12-02,Monday,XLG,DCA_Weekly,49.70,25.00,0.50300311,568.62293775,12075.00,28329.24,49.82
2024-12-09,Monday,XLG,DCA_Weekly,50.56,25.00,0.49447170,569.11740945,12100.00,28738.65,50.50
2024-12-16,Monday,XLG,DCA_Weekly,51.17,25.00,0.48853941,569.60594886,12125.00,29216.37,51.29
2024-12-23,Monday,XLG,DCA_Weekly,50.52,25.00,0.49480816,570.10075702,12150.00,28953.18,50.79
2024-12-30,Monday,XLG,DCA_Weekly,50.10,25.00,0.49896393,570.59972096,12175.00,28592.07,50.11
2025-01-06,Monday,XLG,DCA_Weekly,50.88,25.00,0.49136948,571.09109044,12200.00,29037.61,50.85
2025-01-13,Monday,XLG,DCA_Weekly,48.99,25.00,0.51030001,571.60139045,12225.00,28141.26,49.23
2025-01-21,Tuesday,XLG,DCA_Weekly,50.45,25.00,0.49549189,572.09688234,12250.00,28940.60,50.59
2025-01-27,Monday,XLG,DCA_Weekly,49.95,25.00,0.50053103,572.59741337,12275.00,28709.28,50.14
2025-02-03,Monday,XLG,DCA_Weekly,49.90,25.00,0.50100559,573.09841896,12300.00,28711.57,50.10
2025-02-10,Monday,XLG,DCA_Weekly,50.76,25.00,0.49255063,573.59096960,12325.00,29136.15,50.80
2025-02-18,Tuesday,XLG,DCA_Weekly,51.35,25.00,0.48688970,574.07785929,12350.00,29475.36,51.34
2025-02-24,Monday,XLG,DCA_Weekly,50.34,25.00,0.49664386,574.57450315,12375.00,28745.46,50.03
2025-03-03,Monday,XLG,DCA_Weekly,48.88,25.00,0.51149588,575.08599903,12400.00,27797.31,48.34
2025-03-10,Monday,XLG,DCA_Weekly,46.46,25.00,0.53814399,575.62414301,12425.00,26579.21,46.17
2025-03-17,Monday,XLG,DCA_Weekly,46.59,25.00,0.53664825,576.16079127,12450.00,26879.44,46.65
2025-03-24,Monday,XLG,DCA_Weekly,47.46,25.00,0.52679404,576.68758530,12475.00,27433.97,47.57
2025-03-31,Monday,XLG,DCA_Weekly,45.46,25.00,0.54998218,577.23756748,12500.00,26509.66,45.93
2025-04-07,Monday,XLG,DCA_Weekly,40.96,25.00,0.61034689,577.84791437,12525.00,23971.58,41.48
2025-04-14,Monday,XLG,DCA_Weekly,44.81,25.00,0.55794407,578.40585844,12550.00,25772.54,44.56
2025-04-21,Monday,XLG,DCA_Weekly,42.19,25.00,0.59251867,578.99837711,12575.00,24337.09,42.03
2025-04-28,Monday,XLG,DCA_Weekly,45.49,25.00,0.54962021,579.54799732,12600.00,26384.43,45.53
2025-05-05,Monday,XLG,DCA_Weekly,46.48,25.00,0.53787842,580.08587574,12625.00,26941.50,46.44
2025-05-12,Monday,XLG,DCA_Weekly,48.10,25.00,0.51977154,580.60564728,12650.00,28031.74,48.28
2025-05-19,Monday,XLG,DCA_Weekly,49.05,25.00,0.50967272,581.11532000,12675.00,28688.46,49.37
2025-05-27,Tuesday,XLG,DCA_Weekly,48.92,25.00,0.51099824,581.62631824,12700.00,28609.21,49.19
2025-06-02,Monday,XLG,DCA_Weekly,49.22,25.00,0.50796754,582.13428578,12725.00,28802.67,49.48
2025-06-09,Monday,XLG,DCA_Weekly,50.15,25.00,0.49854106,582.63282684,12750.00,29234.34,50.18
2025-06-16,Monday,XLG,DCA_Weekly,50.45,25.00,0.49550886,583.12833570,12775.00,29468.69,50.54
2025-06-23,Monday,XLG,DCA_Weekly,50.09,25.00,0.49907671,583.62741241,12800.00,29397.31,50.37
2025-06-30,Monday,XLG,DCA_Weekly,52.10,25.00,0.47986948,584.10728188,12825.00,30431.99,52.10
2025-07-07,Monday,XLG,DCA_Weekly,52.27,25.00,0.47830870,584.58559059,12850.00,30515.37,52.20
2025-07-14,Monday,XLG,DCA_Weekly,52.55,25.00,0.47571476,585.06130535,12875.00,30785.93,52.62
2025-07-21,Monday,XLG,DCA_Weekly,53.29,25.00,0.46910916,585.53041451,12900.00,31226.34,53.33
2025-07-28,Monday,XLG,DCA_Weekly,53.94,25.00,0.46349941,585.99391392,12925.00,31637.81,53.99
2025-08-04,Monday,XLG,DCA_Weekly,53.42,25.00,0.46794572,586.46185964,12950.00,31463.68,53.65
2025-08-11,Monday,XLG,DCA_Weekly,54.58,25.00,0.45802226,586.91988191,12975.00,31993.00,54.51
2025-08-18,Monday,XLG,DCA_Weekly,55.07,25.00,0.45396767,587.37384958,13000.00,32370.17,55.11
2025-08-25,Monday,XLG,DCA_Weekly,54.77,25.00,0.45649593,587.83034551,13025.00,32166.08,54.72
2025-08-29,Friday,XLG,DCA_Weekly,55.02,25.00,0.45433894,588.28468445,13050.00,32308.59,54.92
