Date_add,Symbol,Open,High,Low,Close,week_of_year,week_day,avg_daily_price,Dollars Invested,Shares Purchased
2015-08-31,MSFT,37.957147,38.279555,37.556311,37.922291,36,Monday,37.928826,25.0,0.659129
2015-09-08,MSFT,37.730597,38.340561,37.643461,38.244709,37,Tuesday,37.989832,25.0,0.658071
2015-09-14,MSFT,37.843864,37.852577,37.34718,37.504028,38,Monday,37.636912,25.0,0.664242
2015-09-21,MSFT,38.009426,38.750097,37.991998,38.436401,39,Monday,38.29698,25.0,0.652793
2015-09-28,MSFT,38.19241,38.418967,37.652155,37.721867,40,Monday,37.99635,25.0,0.657958
2015-10-05,MSFT,39.865463,40.858831,39.821894,40.632275,41,Monday,40.294616,25.0,0.62043
2015-10-12,MSFT,40.937238,41.015662,40.518978,40.954666,42,Monday,40.856636,25.0,0.611896
2015-10-19,MSFT,41.320643,41.721478,40.972095,41.494919,43,Monday,41.377284,25.0,0.604196
2015-10-26,MSFT,45.773373,47.333137,45.747233,47.272141,44,Monday,46.531471,25.0,0.537271
2015-11-02,MSFT,46.05222,46.496624,45.851804,46.392059,45,Monday,46.198177,25.0,0.541147
2015-11-09,MSFT,47.533573,47.812413,46.670913,47.193737,46,Monday,47.302659,25.0,0.528512
2015-11-16,MSFT,46.252634,46.958446,46.052214,46.853882,47,Monday,46.529294,25.0,0.537296
2015-11-23,MSFT,47.590772,47.774993,47.152147,47.538136,48,Monday,47.514012,25.0,0.526161
2015-11-30,MSFT,47.845196,48.213639,47.37148,47.678516,49,Monday,47.777208,25.0,0.523262
2015-12-07,MSFT,48.941744,49.099649,48.503119,48.95929,50,Monday,48.875951,25.0,0.511499
2015-12-14,MSFT,47.66097,48.432947,47.090757,48.37154,51,Monday,47.889053,25.0,0.52204
2015-12-21,MSFT,48.143448,48.555753,47.573235,48.099586,52,Monday,48.093006,25.0,0.519826
2015-12-28,MSFT,48.555756,49.082108,48.231175,49.082108,53,Monday,48.737786,25.0,0.512949
2016-01-04,MSFT,47.65219,48.073269,46.836347,48.073269,1,Monday,47.658769,25.0,0.524562
2016-01-11,MSFT,46.064368,46.362633,45.143256,45.880146,2,Monday,45.862601,25.0,0.545106
2016-01-19,MSFT,45.160801,45.336252,43.915108,44.353733,3,Tuesday,44.691473,25.0,0.559391
2016-01-25,MSFT,45.564328,46.187178,45.309929,45.432743,4,Monday,45.623545,25.0,0.547963
2016-02-01,MSFT,48.14345,48.327672,47.810095,47.994316,5,Monday,48.068883,25.0,0.520087
2016-02-08,MSFT,43.467709,43.485254,42.274649,43.344894,6,Monday,43.143127,25.0,0.579467
2016-02-16,MSFT,44.972592,45.140465,44.29226,45.140465,7,Tuesday,44.886445,25.0,0.556961
2016-02-22,MSFT,46.191887,46.828043,46.191887,46.518803,8,Monday,46.432655,25.0,0.538414
2016-02-29,MSFT,45.370191,45.635258,44.760544,44.954926,9,Monday,45.18023,25.0,0.553339
2016-03-07,MSFT,45.555727,45.767777,44.68985,45.087444,10,Monday,45.2752,25.0,0.552179
2016-03-14,MSFT,46.57181,47.349333,46.501128,46.978241,11,Monday,46.850128,25.0,0.533616
2016-03-21,MSFT,47.048922,47.649735,46.766187,47.587887,12,Monday,47.263183,25.0,0.528953
2016-03-28,MSFT,47.897144,47.967829,47.119624,47.305168,13,Monday,47.572441,25.0,0.525514
2016-04-04,MSFT,48.97506,49.178275,48.595134,48.97506,14,Monday,48.930882,25.0,0.510925
2016-04-11,MSFT,48.144535,48.727677,47.976659,47.985497,15,Monday,48.208592,25.0,0.51858
2016-04-18,MSFT,49.028081,49.999983,48.780685,49.88512,16,Monday,49.423467,25.0,0.505833
2016-04-25,MSFT,45.750111,46.059355,45.617581,46.041683,17,Monday,45.867182,25.0,0.545052
2016-05-02,MSFT,44.177405,44.840066,43.983023,44.71637,18,Monday,44.429216,25.0,0.562693
2016-05-09,MSFT,44.610338,44.698692,44.177398,44.239246,19,Monday,44.431419,25.0,0.562665
2016-05-16,MSFT,44.884243,45.909159,44.840067,45.7943,20,Monday,45.356942,25.0,0.551184
2016-05-23,MSFT,45.020233,45.091413,44.468603,44.513088,21,Monday,44.773334,25.0,0.558368
2016-05-31,MSFT,46.497175,47.155575,46.337027,47.155575,22,Tuesday,46.786338,25.0,0.534344
2016-06-06,MSFT,46.256943,46.577242,46.167968,46.381504,23,Monday,46.345914,25.0,0.539422
2016-06-13,MSFT,44.112701,45.12699,43.650042,44.610947,24,Monday,44.37517,25.0,0.563378
2016-06-20,MSFT,45.055816,45.224867,44.513082,44.548672,25,Monday,44.835609,25.0,0.557593
2016-06-27,MSFT,43.685632,43.730121,42.742522,43.089516,26,Monday,43.311948,25.0,0.577208
2016-07-05,MSFT,45.224866,45.625241,45.144791,45.52737,27,Tuesday,45.380567,25.0,0.550897
2016-07-11,MSFT,46.710703,47.004315,46.684013,46.790779,28,Monday,46.797453,25.0,0.534217
2016-07-18,MSFT,47.778369,48.347794,47.644909,48.009697,29,Monday,47.945192,25.0,0.521429
2016-07-25,MSFT,50.242931,50.483158,50.056085,50.474258,30,Monday,50.314108,25.0,0.496879
2016-08-01,MSFT,50.358585,50.492046,49.949311,50.340794,31,Monday,50.285184,25.0,0.497164
2016-08-08,MSFT,51.657608,51.684299,51.408482,51.657608,32,Monday,51.601999,25.0,0.484477
2016-08-15,MSFT,51.613105,52.049073,51.568619,51.710976,33,Monday,51.735443,25.0,0.483228
2016-08-22,MSFT,51.56774,51.702033,51.263347,51.630409,34,Monday,51.540882,25.0,0.485052
2016-08-29,MSFT,52.086997,52.46301,52.015373,52.015373,35,Monday,52.145188,25.0,0.479431
2016-09-06,MSFT,51.728885,51.746791,51.21858,51.576691,36,Tuesday,51.567737,25.0,0.484799
2016-09-12,MSFT,50.1353,51.21858,49.786144,51.075336,37,Monday,50.55384,25.0,0.494522
2016-09-19,MSFT,51.2723,51.702031,50.896283,50.967907,38,Monday,51.20963,25.0,0.488189
2016-09-26,MSFT,51.102193,51.155907,50.878375,50.941044,39,Monday,51.01938,25.0,0.49001
2016-10-03,MSFT,51.397627,51.522965,51.084283,51.406578,40,Monday,51.352863,25.0,0.486828
2016-10-10,MSFT,51.845264,52.274995,51.809453,51.961651,41,Monday,51.972841,25.0,0.48102
2016-10-17,MSFT,51.352873,51.442399,50.914188,51.227535,42,Monday,51.234249,25.0,0.487955
2016-10-24,MSFT,53.662669,54.61166,53.653718,54.61166,43,Monday,54.134927,25.0,0.461809
2016-10-31,MSFT,53.859631,54.092401,53.644764,53.644764,44,Monday,53.81039,25.0,0.464594
2016-11-07,MSFT,53.519433,54.181937,53.519433,54.092407,45,Monday,53.828302,25.0,0.46444
2016-11-14,MSFT,52.839023,52.89274,51.281246,52.033276,46,Monday,52.261571,25.0,0.478363
2016-11-21,MSFT,54.52994,54.953562,54.457832,54.854416,47,Monday,54.698937,25.0,0.457047
2016-11-28,MSFT,54.385725,54.998623,54.268552,54.629082,48,Monday,54.570495,25.0,0.458123
2016-12-05,MSFT,53.808885,54.611061,53.682701,54.277573,49,Monday,54.095055,25.0,0.462149
2016-12-12,MSFT,55.71968,56.152314,55.629549,56.035141,50,Monday,55.884171,25.0,0.447354
2016-12-19,MSFT,56.386658,57.477256,56.26047,57.342056,51,Monday,56.86661,25.0,0.439625
2016-12-27,MSFT,56.972507,57.747643,56.972507,57.035599,52,Tuesday,57.182064,25.0,0.4372
2017-01-03,MSFT,56.593959,56.639024,55.999087,56.404682,1,Tuesday,56.409188,25.0,0.44319
2017-01-09,MSFT,56.566917,56.855343,56.368629,56.458759,2,Monday,56.562412,25.0,0.44199
2017-01-17,MSFT,56.494807,56.512834,55.908947,56.359608,3,Tuesday,56.319049,25.0,0.4439
2017-01-23,MSFT,56.512843,56.891396,56.39567,56.747185,4,Monday,56.636773,25.0,0.441409
2017-01-30,MSFT,59.207789,59.29792,58.405614,58.703045,5,Monday,58.903592,25.0,0.424422
2017-02-06,MSFT,57.233904,57.369103,56.909428,57.360088,6,Monday,57.218131,25.0,0.436924
2017-02-13,MSFT,57.900863,58.459684,57.801717,58.3335,7,Monday,58.123941,25.0,0.430115
2017-02-21,MSFT,58.587409,58.895712,58.44232,58.478592,8,Tuesday,58.601008,25.0,0.426614
2017-02-27,MSFT,58.523933,58.523933,58.079611,58.242832,9,Monday,58.342577,25.0,0.428504
2017-03-06,MSFT,58.007075,58.542075,57.861989,58.279106,10,Monday,58.172561,25.0,0.429756
2017-03-13,MSFT,58.950147,59.113368,58.551159,58.678108,11,Monday,58.823196,25.0,0.425002
2017-03-20,MSFT,58.85945,59.104279,58.687158,58.877583,12,Monday,58.882117,25.0,0.424577
2017-03-27,MSFT,58.605544,59.140551,58.351645,59.031734,13,Monday,58.782369,25.0,0.425298
2017-04-03,MSFT,59.675548,59.793435,59.113346,59.439789,14,Monday,59.505529,25.0,0.420129
2017-04-10,MSFT,59.494191,59.684615,59.267494,59.421646,15,Monday,59.466986,25.0,0.420401
2017-04-17,MSFT,58.977336,59.385387,58.950133,59.376324,16,Monday,59.172295,25.0,0.422495
2017-04-24,MSFT,61.189875,61.353097,60.845292,61.23521,17,Monday,61.155869,25.0,0.408792
2017-05-01,MSFT,62.278038,63.066944,62.114817,62.939995,18,Monday,62.599948,25.0,0.399361
2017-05-08,MSFT,62.541019,62.613564,62.042284,62.513817,19,Monday,62.427671,25.0,0.400463
2017-05-15,MSFT,61.788358,62.096669,61.271491,62.051327,20,Monday,61.801961,25.0,0.404518
2017-05-22,MSFT,61.914539,62.470849,61.558866,62.425247,21,Monday,62.092375,25.0,0.402626
2017-05-30,MSFT,63.647314,64.212746,63.62907,64.212746,22,Tuesday,63.925469,25.0,0.39108
2017-06-05,MSFT,65.635424,66.474447,65.489503,65.918137,23,Monday,65.879378,25.0,0.379481
2017-06-12,MSFT,63.154849,63.78412,62.133425,63.638199,24,Monday,63.177648,25.0,0.39571
2017-06-19,MSFT,64.294804,64.696079,64.158005,64.63224,25,Monday,64.445282,25.0,0.387926
2017-06-26,MSFT,65.115594,65.398307,64.240091,64.322166,26,Monday,64.76904,25.0,0.385987
2017-07-03,MSFT,63.227815,63.474047,62.033112,62.16991,27,Monday,62.726221,25.0,0.398557
2017-07-10,MSFT,63.34636,64.066827,63.109242,63.820595,28,Monday,63.585756,25.0,0.39317
2017-07-17,MSFT,66.392373,66.985156,66.319412,66.893959,29,Monday,66.647725,25.0,0.375107
2017-07-24,MSFT,67.058117,67.258755,66.693323,67.121956,30,Monday,67.033038,25.0,0.37295
2017-07-31,MSFT,66.848397,66.976074,66.036732,66.301201,31,Monday,66.540601,25.0,0.37571
2017-08-07,MSFT,66.392383,66.48358,65.899911,66.027588,32,Monday,66.200865,25.0,0.377639
2017-08-14,MSFT,66.629481,67.231393,66.529163,67.112831,33,Monday,66.875717,25.0,0.373828
2017-08-21,MSFT,66.443543,66.452714,65.737571,66.150154,34,Monday,66.195996,25.0,0.377666
2017-08-28,MSFT,66.984483,67.011987,66.516898,66.773613,35,Monday,66.821745,25.0,0.37413
2017-09-05,MSFT,67.241203,67.745469,66.911146,67.488754,36,Tuesday,67.346643,25.0,0.371214
2017-09-11,MSFT,68.130538,68.708153,68.130538,68.543121,37,Monday,68.378088,25.0,0.365614
2017-09-18,MSFT,68.97403,69.652491,68.799828,68.909851,38,Monday,69.08405,25.0,0.361878
2017-09-25,MSFT,67.92882,68.075518,66.856117,67.167847,39,Monday,67.507075,25.0,0.370332
2017-10-02,MSFT,68.497292,68.772347,68.12139,68.405609,40,Monday,68.44916,25.0,0.365235
2017-10-09,MSFT,69.652496,70.184266,69.551642,69.945885,41,Monday,69.833572,25.0,0.357994
2017-10-16,MSFT,70.981918,71.339486,70.917739,71.192795,42,Monday,71.107985,25.0,0.351578
2017-10-23,MSFT,72.421357,72.74225,72.210487,72.274666,43,Monday,72.41219,25.0,0.345246
2017-10-30,MSFT,76.739685,77.3173,76.198751,76.913887,44,Monday,76.792406,25.0,0.325553
2017-11-06,MSFT,77.198105,77.656526,77.088088,77.445656,45,Monday,77.347093,25.0,0.323218
2017-11-13,MSFT,76.703025,76.95974,76.519652,76.950569,46,Monday,76.783246,25.0,0.325592
2017-11-20,MSFT,75.927189,76.102259,75.78897,76.046974,47,Monday,75.966348,25.0,0.329093
2017-11-27,MSFT,76.765716,77.38309,76.756506,77.281731,48,Monday,77.046761,25.0,0.324478
2017-12-04,MSFT,77.788504,77.797721,74.360722,74.710876,49,Monday,76.164456,25.0,0.328237
2017-12-11,MSFT,77.668742,78.663906,77.512098,78.534904,50,Monday,78.094913,25.0,0.320123
2017-12-18,MSFT,80.276434,80.626581,79.456347,79.594559,51,Monday,79.98848,25.0,0.312545
2017-12-26,MSFT,78.608617,78.811337,78.350613,78.691551,52,Tuesday,78.61553,25.0,0.318003
2018-01-02,MSFT,79.364202,79.530063,78.783693,79.198341,1,Tuesday,79.219075,25.0,0.315581
2018-01-08,MSFT,81.271589,81.621743,80.718722,81.345306,2,Monday,81.23934,25.0,0.307733
2018-01-16,MSFT,83.022329,83.658129,81.096509,81.409798,3,Tuesday,82.296691,25.0,0.303779
2018-01-22,MSFT,82.930197,84.422943,82.690619,84.413727,4,Monday,83.614372,25.0,0.298992
2018-01-29,MSFT,87.666417,87.952064,86.357965,86.542252,5,Monday,87.129674,25.0,0.286929
2018-02-05,MSFT,83.446189,85.915665,81.087288,81.087288,6,Monday,82.884107,25.0,0.301626
2018-02-12,MSFT,81.769176,82.727482,81.022807,82.12854,7,Monday,81.912001,25.0,0.305206
2018-02-20,MSFT,84.689886,86.152605,84.254771,85.837845,8,Tuesday,85.233777,25.0,0.293311
2018-02-26,MSFT,87.393153,88.365213,87.254286,88.33744,9,Monday,87.837523,25.0,0.284616
2018-03-05,MSFT,85.486057,87.272803,85.412001,86.689568,10,Monday,86.215107,25.0,0.289972
2018-03-12,MSFT,89.337271,89.99457,88.911415,89.587227,11,Monday,89.457621,25.0,0.279462
2018-03-19,MSFT,86.782162,86.930289,85.273151,85.995255,12,Monday,86.245214,25.0,0.289871
2018-03-26,MSFT,83.884485,87.022863,83.690074,86.819191,13,Monday,85.354153,25.0,0.292897
2018-04-02,MSFT,83.754858,84.134422,81.014565,81.949593,14,Monday,82.713359,25.0,0.302249
2018-04-09,MSFT,84.282556,86.254454,83.893732,84.032593,15,Monday,84.615834,25.0,0.295453
2018-04-16,MSFT,87.087661,87.633872,86.485906,87.180237,16,Monday,87.096919,25.0,0.287037
2018-04-23,MSFT,88.633719,89.142898,87.606108,88.272667,17,Monday,88.413848,25.0,0.282761
2018-04-30,MSFT,89.179901,89.244705,86.235936,86.578468,18,Monday,87.809752,25.0,0.284706
2018-05-07,MSFT,88.105997,89.531692,88.041194,89.078064,19,Monday,88.689237,25.0,0.281883
2018-05-14,MSFT,90.65188,91.36473,90.087156,90.753716,20,Monday,90.714371,25.0,0.27559
2018-05-21,MSFT,90.189413,91.1285,90.003458,90.747284,21,Monday,90.517164,25.0,0.276191
2018-05-29,MSFT,90.97041,91.93739,90.403246,91.128479,22,Tuesday,91.109881,25.0,0.274394
2018-06-04,MSFT,94.150315,94.708187,93.769099,94.531525,23,Monday,94.289781,25.0,0.26514
2018-06-11,MSFT,93.917848,94.457119,93.601716,93.95504,24,Monday,93.982931,25.0,0.266006
2018-06-18,MSFT,92.988071,94.010836,92.439492,93.778389,25,Monday,93.304197,25.0,0.267941
2018-06-25,MSFT,92.978794,93.081071,90.468369,91.481834,26,Monday,92.002517,25.0,0.271732
2018-07-02,MSFT,91.212177,93.03456,91.1192,92.988075,27,Monday,92.088503,25.0,0.271478
2018-07-09,MSFT,94.512905,95.070777,94.140989,94.69886,28,Monday,94.605883,25.0,0.264254
2018-07-16,MSFT,97.999623,98.390132,97.181406,97.544029,29,Monday,97.778798,25.0,0.255679
2018-07-23,MSFT,98.836447,100.547253,98.678377,100.389191,30,Monday,99.612817,25.0,0.250972
2018-07-30,MSFT,99.663962,99.980086,97.404577,97.971748,31,Monday,98.755093,25.0,0.253151
2018-08-06,MSFT,100.528663,100.807596,100.007977,100.537956,32,Monday,100.470548,25.0,0.248829
2018-08-13,MSFT,101.57,101.886132,100.510043,100.61232,33,Monday,101.144624,25.0,0.247171
2018-08-20,MSFT,100.346186,100.710199,99.384821,99.748833,34,Monday,100.04751,25.0,0.249881
2018-08-27,MSFT,101.98887,102.334218,101.279517,102.296883,35,Monday,101.974872,25.0,0.245158
2018-09-04,MSFT,103.463594,104.49963,102.875576,104.266289,36,Tuesday,103.776272,25.0,0.240903
2018-09-10,MSFT,101.587527,102.334222,101.139515,102.091545,37,Monday,101.788202,25.0,0.245608
2018-09-17,MSFT,106.114353,106.123681,104.406292,104.667633,38,Monday,105.32799,25.0,0.237354
2018-09-24,MSFT,105.498333,107.24373,104.742309,107.029053,39,Monday,106.128356,25.0,0.235564
2018-10-01,MSFT,107.10373,107.971761,107.085066,107.906425,40,Monday,107.516746,25.0,0.232522
2018-10-08,MSFT,104.219624,104.564964,102.054208,103.463593,41,Monday,103.575597,25.0,0.24137
2018-10-15,MSFT,101.652851,102.18487,99.823449,100.430138,42,Monday,101.022827,25.0,0.247469
2018-10-22,MSFT,102.035549,103.174256,101.027512,102.32489,43,Monday,102.140552,25.0,0.244761
2018-10-29,MSFT,100.906179,101.456861,94.857965,96.930038,44,Monday,98.537761,25.0,0.25371
2018-11-05,MSFT,99.282132,100.560839,98.843449,100.346169,45,Monday,99.758147,25.0,0.250606
2018-11-12,MSFT,102.128912,102.63293,99.030137,99.748833,46,Monday,100.885203,25.0,0.247806
2018-11-19,MSFT,101.492076,101.763923,97.067564,98.07058,47,Monday,99.598536,25.0,0.251008
2018-11-26,MSFT,98.22995,99.954759,98.033097,99.804779,48,Monday,99.005646,25.0,0.252511
2018-12-03,MSFT,105.925965,106.31967,103.798075,105.072929,49,Monday,105.27916,25.0,0.237464
2018-12-10,MSFT,98.239333,101.22026,97.386297,100.854668,50,Monday,99.425139,25.0,0.251445
2018-12-17,MSFT,98.811122,99.176707,95.342746,96.448875,51,Monday,97.444863,25.0,0.256555
2018-12-24,MSFT,91.565048,91.836894,88.096678,88.237282,52,Monday,89.933975,25.0,0.277982
2019-01-02,MSFT,93.317981,95.380254,92.746168,94.789696,1,Wednesday,94.058525,25.0,0.265792
2019-01-07,MSFT,95.27714,96.805096,94.658461,95.670845,2,Monday,95.602885,25.0,0.261498
2019-01-14,MSFT,95.52085,96.430127,94.920916,95.661461,3,Monday,95.633338,25.0,0.261415
2019-01-22,MSFT,100.067232,100.39532,98.295551,99.064217,4,Tuesday,99.45558,25.0,0.251369
2019-01-28,MSFT,99.607884,99.814113,98.108049,98.501755,5,Monday,99.00795,25.0,0.252505
2019-02-04,MSFT,96.43014,99.176717,96.336395,99.120468,6,Monday,97.76593,25.0,0.255713
2019-02-11,MSFT,99.551643,99.907858,98.398647,98.661118,7,Monday,99.129816,25.0,0.252195
2019-02-19,MSFT,101.042137,101.857676,101.032761,101.398346,8,Tuesday,101.33273,25.0,0.246712
2019-02-25,MSFT,105.211031,105.606418,104.74033,105.050987,9,Monday,105.152192,25.0,0.237751
2019-03-04,MSFT,106.397184,106.61371,104.307279,105.681725,10,Monday,105.749975,25.0,0.236407
2019-03-11,MSFT,104.486148,106.331294,104.476739,106.21833,11,Monday,105.378128,25.0,0.237241
2019-03-18,MSFT,109.362594,110.718214,109.24963,110.680557,12,Monday,110.002749,25.0,0.227267
2019-03-25,MSFT,109.729734,111.094771,109.5038,110.765282,13,Monday,110.273397,25.0,0.226709
2019-04-01,MSFT,111.97968,112.130308,111.179491,112.045578,14,Monday,111.833764,25.0,0.223546
2019-04-08,MSFT,112.789297,112.98699,111.687859,112.902267,15,Monday,112.591603,25.0,0.222041
2019-04-15,MSFT,113.853072,114.455568,113.504751,113.956627,16,Monday,113.942505,25.0,0.219409
2019-04-22,MSFT,115.434631,116.733762,115.387558,116.507828,17,Monday,116.015945,25.0,0.215488
2019-04-29,MSFT,122.288037,122.551628,121.770278,122.165665,18,Monday,122.193902,25.0,0.204593
2019-05-06,MSFT,118.983718,121.026557,118.720127,120.640579,19,Monday,119.842745,25.0,0.208607
2019-05-13,MSFT,116.837324,118.192944,115.830025,116.121857,20,Monday,116.745537,25.0,0.214141
2019-05-20,MSFT,119.546981,120.558009,118.828873,119.263519,21,Monday,119.549345,25.0,0.209119
2019-05-28,MSFT,119.981647,120.945428,119.102902,119.206841,22,Tuesday,119.809204,25.0,0.208665
2019-06-03,MSFT,117.024141,117.515486,112.450896,113.235146,23,Monday,115.056417,25.0,0.217285
2019-06-10,MSFT,125.102866,126.690282,124.724918,125.291855,24,Monday,125.45248,25.0,0.199279
2019-06-17,MSFT,125.320223,126.359589,125.225729,125.528099,25,Monday,125.60841,25.0,0.199031
2019-06-24,MSFT,129.449391,130.772226,129.449391,130.186401,26,Monday,129.964353,25.0,0.19236
2019-07-01,MSFT,129.099833,129.165967,127.531318,128.202179,27,Monday,128.499824,25.0,0.194553
2019-07-08,MSFT,128.882458,129.543889,127.909226,129.411606,28,Monday,128.936795,25.0,0.193893
2019-07-15,MSFT,131.754875,131.849355,130.828891,131.244629,29,Monday,131.419438,25.0,0.190231
2019-07-22,MSFT,129.836764,131.51866,129.761171,130.800537,30,Monday,130.479283,25.0,0.191601
2019-07-29,MSFT,133.701376,133.71082,131.688764,133.257278,31,Monday,133.08956,25.0,0.187843
2019-08-05,MSFT,125.953308,126.548576,123.572191,124.923386,32,Monday,125.249365,25.0,0.199602
2019-08-12,MSFT,129.515528,130.261982,127.786385,128.306061,33,Monday,128.967489,25.0,0.193847
2019-08-19,MSFT,130.686358,131.349979,129.77624,131.217255,34,Monday,130.757458,25.0,0.191194
2019-08-26,MSFT,127.974909,128.51528,126.941542,128.410995,35,Monday,127.960682,25.0,0.195373
2019-09-03,MSFT,129.510722,130.070058,128.648009,128.970337,36,Tuesday,129.299782,25.0,0.193349
2019-09-09,MSFT,132.335879,132.487568,129.368547,130.373459,37,Monday,131.141363,25.0,0.190634
2019-09-16,MSFT,128.771284,129.596068,128.61012,129.2453,38,Monday,129.055693,25.0,0.193715
2019-09-23,MSFT,131.99456,132.373782,131.245621,131.909241,39,Monday,131.880801,25.0,0.189565
2019-09-30,MSFT,130.875909,131.985106,130.619937,131.804977,40,Monday,131.321482,25.0,0.190373
2019-10-07,MSFT,130.013197,130.999144,129.899438,129.994232,41,Monday,130.226503,25.0,0.191973
2019-10-14,MSFT,132.430682,132.999493,132.269519,132.297958,42,Monday,132.499413,25.0,0.18868
2019-10-21,MSFT,131.255094,131.302499,129.889925,131.23613,43,Monday,130.920912,25.0,0.190955
2019-10-28,MSFT,136.895887,138.099892,136.052138,136.696808,44,Monday,136.936181,25.0,0.182567
2019-11-04,MSFT,137.303549,137.464713,136.668369,137.038101,45,Monday,137.118683,25.0,0.182324
2019-11-11,MSFT,137.78707,138.810947,137.20877,138.517059,46,Monday,138.080962,25.0,0.181053
2019-11-18,MSFT,142.271248,142.7263,141.237882,142.527206,47,Monday,142.190659,25.0,0.17582
2019-11-25,MSFT,142.688782,143.972987,142.612679,143.858826,48,Monday,143.283318,25.0,0.174479
2019-12-02,MSFT,144.410551,144.42958,141.090668,142.260712,49,Monday,143.047877,25.0,0.174767
2019-12-09,MSFT,143.706624,144.791058,143.55442,143.982483,50,Monday,144.008646,25.0,0.173601
2019-12-16,MSFT,147.549692,148.30118,147.273833,147.949219,51,Monday,147.768481,25.0,0.169184
2019-12-23,MSFT,150.412965,150.412965,149.604404,149.737579,52,Monday,150.041978,25.0,0.16662
2020-01-02,MSFT,151.040841,152.895792,150.612777,152.791153,1,Thursday,151.835141,25.0,0.164652
2020-01-06,MSFT,149.423674,151.345221,148.88145,151.278625,2,Monday,150.232243,25.0,0.166409
2020-01-13,MSFT,153.87554,155.349993,153.399911,155.321457,3,Monday,154.486725,25.0,0.161826
2020-01-21,MSFT,158.555726,159.992135,158.317911,158.384506,4,Tuesday,158.81257,25.0,0.157418
2020-01-27,MSFT,153.295267,155.416583,152.391575,154.370193,5,Monday,153.868405,25.0,0.162477
2020-02-03,MSFT,162.12298,165.994609,162.094443,165.880463,6,Monday,164.023124,25.0,0.152418
2020-02-10,MSFT,174.632003,179.635617,174.318086,179.502441,7,Monday,177.022037,25.0,0.141225
2020-02-18,MSFT,176.563107,178.551234,176.458468,178.104141,8,Tuesday,177.419238,25.0,0.140909
2020-02-24,MSFT,160.028579,166.495728,155.698061,163.004608,9,Monday,161.306744,25.0,0.154984
2020-03-02,MSFT,157.68208,164.940931,154.820509,164.816925,10,Monday,160.565111,25.0,0.1557
2020-03-09,MSFT,144.032362,150.470894,143.078505,143.669891,11,Monday,145.312913,25.0,0.172043
2020-03-16,MSFT,133.53993,142.458495,128.770647,129.171265,12,Monday,133.485084,25.0,0.187287
2020-03-23,MSFT,130.687931,134.083674,126.405123,129.70546,13,Monday,130.220547,25.0,0.191982
2020-03-30,MSFT,145.40589,153.189363,143.088011,152.836426,14,Monday,148.629922,25.0,0.168203
2020-04-06,MSFT,152.922333,158.817161,150.30876,157.643921,15,Monday,154.923043,25.0,0.16137
2020-04-13,MSFT,156.766325,157.930031,154.810916,157.872787,16,Monday,156.845015,25.0,0.159393
2020-04-20,MSFT,168.479725,170.501896,166.9154,166.982162,17,Monday,168.219796,25.0,0.148615
2020-04-27,MSFT,168.441558,168.737251,165.303376,166.018768,18,Monday,167.125238,25.0,0.149588
2020-05-04,MSFT,166.438455,170.740343,165.780292,170.587723,19,Monday,168.386703,25.0,0.148468
2020-05-11,MSFT,174.698873,178.857689,174.412727,178.12323,20,Monday,176.52313,25.0,0.141624
2020-05-18,MSFT,177.178861,177.608093,175.471464,176.377625,21,Monday,176.65901,25.0,0.141516
2020-05-26,MSFT,178.236676,178.389721,173.224556,173.674118,22,Tuesday,175.881268,25.0,0.142141
2020-06-01,MSFT,174.601921,175.041924,173.5689,174.879318,23,Monday,174.523016,25.0,0.143248
2020-06-08,MSFT,177.854078,180.350578,176.419308,180.168839,24,Monday,178.698201,25.0,0.139901
2020-06-15,MSFT,176.553204,182.521852,176.007985,180.723602,25,Monday,178.951661,25.0,0.139703
2020-06-22,MSFT,187.275708,192.02958,186.740063,191.847855,26,Monday,189.473301,25.0,0.131945
2020-06-29,MSFT,187.266157,189.896569,185.133137,189.810486,27,Monday,188.026587,25.0,0.13296
2020-07-06,MSFT,199.748678,201.948662,199.040853,201.537354,28,Monday,200.568887,25.0,0.124645
2020-07-13,MSFT,205.152953,206.415557,197.519981,198.065201,29,Monday,201.788423,25.0,0.123892
2020-07-20,MSFT,196.08523,203.06778,194.181763,202.398224,30,Monday,198.933249,25.0,0.12567
2020-07-27,MSFT,192.708738,195.100022,192.125265,194.985245,31,Monday,193.729817,25.0,0.129046
2020-08-03,MSFT,202.321652,208.175507,201.288616,207.123337,32,Monday,204.727278,25.0,0.122114
2020-08-10,MSFT,202.465136,202.66601,197.376494,199.193863,33,Monday,200.425376,25.0,0.124735
2020-08-17,MSFT,200.485183,202.006035,199.834746,201.135605,34,Monday,200.865392,25.0,0.124461
2020-08-24,MSFT,205.946118,206.646071,203.683289,204.891418,35,Monday,205.291724,25.0,0.121778
2020-08-31,MSFT,217.653371,219.283371,215.074128,216.243896,36,Monday,217.063692,25.0,0.115174
2020-09-08,MSFT,197.997438,201.38209,193.874486,194.315552,37,Tuesday,196.892391,25.0,0.126973
2020-09-14,MSFT,195.830508,200.586273,195.629148,196.952332,38,Monday,197.249565,25.0,0.126743
2020-09-21,MSFT,189.070808,194.363529,188.294162,194.200516,39,Monday,191.482254,25.0,0.13056
2020-09-28,MSFT,202.197102,203.817519,199.493207,200.816391,40,Monday,201.581055,25.0,0.12402
2020-10-05,MSFT,198.687805,201.746461,198.457682,201.717697,41,Monday,200.152411,25.0,0.124905
2020-10-12,MSFT,209.781431,214.642683,207.88296,212.283966,42,Monday,211.14776,25.0,0.1184
2020-10-19,MSFT,211.344297,213.146893,204.920169,205.399582,43,Monday,208.702735,25.0,0.119788
2020-10-26,MSFT,205.04483,207.432296,199.531583,201.430054,44,Monday,203.359691,25.0,0.122935
2020-11-02,MSFT,195.878404,196.827647,191.880105,193.999115,45,Monday,194.646318,25.0,0.128438
2020-11-09,MSFT,215.198769,218.72724,208.908877,209.397873,46,Monday,213.05819,25.0,0.117339
2020-11-16,MSFT,206.022801,208.77464,205.687221,208.285629,47,Monday,207.192573,25.0,0.120661
2020-11-23,MSFT,202.793755,204.081941,200.111635,201.986237,48,Monday,202.243392,25.0,0.123613
2020-11-30,MSFT,205.821945,206.456415,202.687982,205.793106,49,Monday,205.189862,25.0,0.121838
2020-12-07,MSFT,206.081517,207.206278,204.754884,206.004608,50,Monday,206.011822,25.0,0.121352
2020-12-14,MSFT,204.860661,207.850416,204.649166,205.918121,51,Monday,205.819591,25.0,0.121466
2020-12-21,MSFT,209.138593,215.339206,208.879028,213.983719,52,Monday,211.835137,25.0,0.118016
2020-12-28,MSFT,215.77181,217.290722,214.397106,216.2621,53,Monday,215.930435,25.0,0.115778
2021-01-04,MSFT,213.926008,214.377837,206.504496,209.273148,1,Monday,211.020372,25.0,0.118472
2021-01-11,MSFT,210.022992,210.445982,208.350262,209.080887,2,Monday,209.475031,25.0,0.119346
2021-01-19,MSFT,205.485522,208.590633,204.408831,208.071518,3,Tuesday,206.639126,25.0,0.120984
2021-01-25,MSFT,220.261214,220.895699,215.550675,220.655365,4,Monday,219.340738,25.0,0.113978
2021-02-01,MSFT,225.971552,233.123891,223.443235,230.384079,5,Monday,228.230689,25.0,0.109538
2021-02-08,MSFT,233.748763,234.25827,231.499242,233.095062,6,Monday,233.150334,25.0,0.107227
2021-02-16,MSFT,235.556059,236.613534,233.52764,234.277481,7,Tuesday,234.993679,25.0,0.106386
2021-02-22,MSFT,228.766031,229.257436,223.929006,225.962097,8,Monday,226.978643,25.0,0.110143
2021-03-01,MSFT,227.301397,228.814178,224.651635,228.303497,9,Monday,227.267677,25.0,0.110002
2021-03-08,MSFT,222.936502,224.863601,218.85106,219.101578,10,Monday,221.438185,25.0,0.112898
2021-03-15,MSFT,226.39567,226.617283,223.36048,226.251129,11,Monday,225.656141,25.0,0.110788
2021-03-22,MSFT,221.876602,228.264926,221.751335,227.388107,12,Monday,224.820243,25.0,0.1112
2021-03-29,MSFT,227.966219,228.168571,223.427908,226.665436,13,Monday,226.557034,25.0,0.110347
2021-04-05,MSFT,233.911367,240.848938,233.853556,239.991379,14,Monday,237.15131,25.0,0.105418
2021-04-12,MSFT,245.425774,248.277888,245.339044,246.582031,15,Monday,246.406184,25.0,0.101458
2021-04-19,MSFT,250.706043,251.94903,248.422434,249.308884,16,Monday,250.096598,25.0,0.099961
2021-04-26,MSFT,252.122439,252.874007,250.68676,252.016434,17,Monday,251.92491,25.0,0.099236
2021-05-03,MSFT,244.163502,245.078886,241.96661,242.679642,18,Monday,243.47216,25.0,0.102681
2021-05-10,MSFT,241.725728,242.554381,238.112416,238.170227,19,Monday,240.140688,25.0,0.104106
2021-05-17,MSFT,237.563207,237.601742,234.643652,236.243134,20,Monday,236.512934,25.0,0.105702
2021-05-24,MSFT,239.309304,242.563975,239.038888,242.196976,21,Monday,240.777286,25.0,0.10383
2021-06-01,MSFT,242.631582,242.689526,238.507734,238.932663,22,Tuesday,240.690376,25.0,0.103868
2021-06-07,MSFT,241.424357,245.393691,241.260177,245.123276,23,Monday,243.300375,25.0,0.102754
2021-06-14,MSFT,249.073373,251.053229,248.011014,250.995285,24,Monday,249.783225,25.0,0.100087
2021-06-21,MSFT,250.927594,254.500943,249.092628,253.641418,25,Monday,252.040646,25.0,0.09919
2021-06-28,MSFT,257.079601,259.696843,256.809185,259.52301,26,Monday,258.27716,25.0,0.096795
2021-07-06,MSFT,268.514345,269.808479,264.911995,268.157013,27,Tuesday,267.847958,25.0,0.093337
2021-07-12,MSFT,269.605666,270.194774,267.11395,267.828644,28,Monday,268.685759,25.0,0.093045
2021-07-19,MSFT,269.383507,270.774224,265.056855,267.529236,29,Monday,268.185956,25.0,0.093219
2021-07-26,MSFT,279.10895,279.775337,276.829735,279.157227,30,Monday,278.717812,25.0,0.089696
2021-08-02,MSFT,276.559263,276.955234,274.028938,275.071991,31,Monday,275.653856,25.0,0.090693
2021-08-09,MSFT,279.833266,281.571649,277.959661,278.461853,32,Monday,279.456607,25.0,0.089459
2021-08-16,MSFT,283.155436,284.729653,280.093918,284.517181,33,Monday,283.124047,25.0,0.088301
2021-08-23,MSFT,293.431862,295.512247,292.077195,294.78653,34,Monday,293.951959,25.0,0.085048
2021-08-30,MSFT,291.370863,294.370502,291.312808,293.760895,35,Monday,292.703767,25.0,0.085411
2021-09-07,MSFT,291.264387,291.341784,288.545367,290.461243,36,Tuesday,290.403195,25.0,0.086087
2021-09-13,MSFT,287.916409,288.874377,284.558754,287.374542,37,Monday,287.18102,25.0,0.087053
2021-09-20,MSFT,286.735881,289.048516,280.146367,284.771606,38,Monday,285.175593,25.0,0.087665
2021-09-27,MSFT,286.552002,286.871304,283.455595,284.645782,39,Monday,285.381171,25.0,0.087602
2021-10-04,MSFT,278.094991,278.433665,271.176489,273.943878,40,Monday,275.412256,25.0,0.090773
2021-10-11,MSFT,283.436334,288.322821,283.271825,284.703918,41,Monday,284.933725,25.0,0.08774
2021-10-18,MSFT,293.741564,298.231323,292.89005,297.341125,42,Monday,295.551016,25.0,0.084588
2021-10-25,MSFT,299.343997,299.38271,296.537895,298.153839,43,Monday,298.35461,25.0,0.083793
2021-11-01,MSFT,320.6318,320.757595,315.803366,318.706238,44,Monday,318.97475,25.0,0.078376
2021-11-08,MSFT,326.379398,326.718072,323.612009,326.079437,45,Monday,325.697229,25.0,0.076758
2021-11-15,MSFT,326.611709,326.940697,323.21534,325.189301,46,Monday,325.489262,25.0,0.076807
2021-11-22,MSFT,334.072544,338.968001,329.157709,329.429138,47,Monday,332.906848,25.0,0.075096
2021-11-29,MSFT,324.688809,328.653627,324.494919,326.327087,48,Monday,326.041111,25.0,0.076677
2021-12-06,MSFT,314.035171,317.42805,309.459631,316.206604,49,Monday,314.282364,25.0,0.079546
2021-12-13,MSFT,330.253152,333.267983,328.702116,329.012329,50,Monday,330.308895,25.0,0.075687
2021-12-20,MSFT,310.254505,312.920338,307.850427,310.118805,51,Monday,310.286019,25.0,0.080571
2021-12-27,MSFT,325.19282,331.997983,325.16374,331.968903,52,Monday,328.580861,25.0,0.076085
2022-01-03,MSFT,325.08625,327.655138,319.686719,324.504608,1,Monday,324.233179,25.0,0.077105
2022-01-10,MSFT,300.017726,305.087667,295.364647,304.651428,2,Monday,301.280367,25.0,0.082979
2022-01-18,MSFT,294.763576,300.318184,292.504872,293.387024,3,Tuesday,295.243414,25.0,0.084676
2022-01-24,MSFT,283.256869,288.016567,267.601136,287.299225,4,Monday,281.543449,25.0,0.088796
2022-01-31,MSFT,299.494229,302.819243,296.993176,301.462097,5,Monday,300.192186,25.0,0.08328
2022-02-07,MSFT,296.799312,298.418183,290.721193,291.739075,6,Monday,294.419441,25.0,0.084913
2022-02-14,MSFT,284.778826,287.677334,282.43291,285.971191,7,Monday,285.215065,25.0,0.087653
2022-02-22,MSFT,276.848548,283.201502,276.362849,279.490753,8,Tuesday,278.975913,25.0,0.089613
2022-02-28,MSFT,285.892265,290.584136,284.619736,290.244141,9,Monday,287.835069,25.0,0.086855
2022-03-07,MSFT,280.277524,281.40435,270.563542,270.932678,10,Monday,275.794524,25.0,0.090647
2022-03-14,MSFT,272.321803,277.237076,267.931093,268.533356,11,Monday,271.505832,25.0,0.092079
2022-03-21,MSFT,290.341249,291.555497,286.465349,290.603516,12,Monday,289.741403,25.0,0.086284
2022-03-28,MSFT,295.625674,301.910623,295.625674,301.813507,13,Monday,298.74387,25.0,0.083684
2022-04-04,MSFT,301.220876,306.097284,300.85174,305.961304,14,Monday,303.532801,25.0,0.082363
2022-04-11,MSFT,283.444335,284.240859,276.848532,277.101105,15,Monday,280.408708,25.0,0.089156
2022-04-18,MSFT,270.932676,274.381127,270.378972,272.496613,16,Monday,272.047347,25.0,0.091896
2022-04-25,MSFT,265.473466,273.069778,263.025523,272.690948,17,Monday,268.564929,25.0,0.093087
2022-05-02,MSFT,269.766987,276.790207,268.319613,276.333649,18,Monday,272.802614,25.0,0.091641
2022-05-09,MSFT,262.335816,264.57002,255.788601,257.012543,19,Monday,259.926745,25.0,0.096181
2022-05-16,MSFT,252.524684,258.217093,248.464246,254.020645,20,Monday,253.306667,25.0,0.098695
2022-05-23,MSFT,248.76065,254.612347,246.754896,253.784729,21,Monday,250.978155,25.0,0.09961
2022-05-31,MSFT,265.351757,267.532747,261.846572,264.709137,22,Tuesday,264.860053,25.0,0.094389
2022-06-06,MSFT,264.89414,266.958296,260.181626,261.671326,23,Monday,263.426347,25.0,0.094903
2022-06-13,MSFT,238.653983,242.461,235.168275,235.879044,24,Monday,238.040575,25.0,0.105024
2022-06-21,MSFT,243.668351,248.040094,242.938106,247.056702,25,Tuesday,245.425813,25.0,0.101864
2022-06-27,MSFT,261.145556,261.233182,256.345416,257.913025,26,Monday,259.159295,25.0,0.096466
2022-07-05,MSFT,249.412964,256.053338,248.030368,255.926758,27,Tuesday,252.355857,25.0,0.099066
2022-07-11,MSFT,258.652957,259.509783,255.274353,257.542999,28,Monday,257.745023,25.0,0.096995
2022-07-18,MSFT,252.908387,253.969674,246.628278,247.553253,29,Monday,250.264898,25.0,0.099894
2022-07-25,MSFT,254.125491,254.612322,250.04585,252.012634,30,Monday,252.699074,25.0,0.098932
2022-08-01,MSFT,270.502441,273.871299,268.574582,270.687439,31,Monday,270.90894,25.0,0.092282
2022-08-08,MSFT,276.568382,278.389153,271.962985,272.936646,32,Monday,274.964291,25.0,0.090921
2022-08-15,MSFT,283.335231,286.431464,282.468658,285.740173,33,Monday,284.493882,25.0,0.087875
2022-08-22,MSFT,275.233188,275.603969,270.491166,271.008301,34,Monday,273.084156,25.0,0.091547
2022-08-29,MSFT,259.397152,260.909518,257.445697,258.792206,35,Monday,259.136143,25.0,0.096474
2022-09-06,MSFT,249.981374,251.571785,245.824766,247.102966,36,Tuesday,248.620223,25.0,0.100555
2022-09-12,MSFT,259.328856,260.958334,258.72391,260.177734,37,Monday,259.797209,25.0,0.096229
2022-09-19,MSFT,236.584671,239.189862,235.003997,238.584915,38,Monday,237.340861,25.0,0.105334
2022-09-26,MSFT,231.296208,235.589403,231.14984,231.686493,39,Monday,232.430486,25.0,0.107559
2022-10-03,MSFT,229.696023,235.74553,228.964227,234.896652,40,Monday,232.325608,25.0,0.107608
2022-10-10,MSFT,227.393284,228.866627,221.226679,223.685516,41,Monday,225.293026,25.0,0.110967
2022-10-17,MSFT,230.096056,233.15984,229.432554,231.764542,42,Monday,231.113248,25.0,0.108172
2022-10-24,MSFT,237.843332,241.824302,235.443051,241.248627,43,Monday,239.089828,25.0,0.104563
2022-10-31,MSFT,228.086046,229.217894,225.539397,226.495621,44,Monday,227.334739,25.0,0.10997
2022-11-07,MSFT,216.601737,222.865906,215.908964,222.339005,45,Monday,219.428903,25.0,0.113932
2022-11-14,MSFT,236.116304,237.989699,233.403782,235.686981,46,Monday,235.799192,25.0,0.106022
2022-11-21,MSFT,236.233758,239.404029,235.998933,236.840424,47,Monday,237.119286,25.0,0.105432
2022-11-28,MSFT,240.7837,241.341425,235.617341,236.556671,48,Monday,238.574784,25.0,0.104789
2022-12-05,MSFT,246.586044,248.3571,242.721062,244.815002,49,Monday,245.619802,25.0,0.101783
2022-12-12,MSFT,242.124194,247.10464,241.850222,247.075287,50,Monday,244.538586,25.0,0.102233
2022-12-19,MSFT,239.589945,239.932418,233.572316,235.274857,51,Monday,237.092384,25.0,0.105444
2022-12-27,MSFT,233.562511,233.787556,230.754286,231.85997,52,Tuesday,232.491081,25.0,0.107531
2023-01-03,MSFT,237.848239,240.460771,232.290481,234.423569,1,Tuesday,236.255765,25.0,0.105818
2023-01-09,MSFT,221.576173,226.263087,221.53704,222.23175,2,Monday,222.902012,25.0,0.112157
2023-01-17,MSFT,232.848237,235.724962,231.987172,235.177017,3,Tuesday,233.934347,25.0,0.106868
2023-01-23,MSFT,235.910867,239.893261,234.492063,237.359009,4,Monday,236.9138,25.0,0.105524
2023-01-30,MSFT,239.247468,240.31402,236.987188,237.486221,5,Monday,238.508725,25.0,0.104818
2023-02-06,MSFT,251.899169,252.740645,249.296416,251.243576,6,Monday,251.294951,25.0,0.099485
2023-02-13,MSFT,261.879649,268.689842,261.400175,265.480438,7,Monday,264.362526,25.0,0.094567
2023-02-21,MSFT,249.626582,250.617329,246.791701,247.851105,8,Tuesday,248.721679,25.0,0.100514
2023-02-27,MSFT,247.645084,247.998219,244.633628,245.388947,9,Monday,246.416469,25.0,0.101454
2023-03-06,MSFT,251.539337,255.158963,251.097922,251.970947,10,Monday,252.441792,25.0,0.099033
2023-03-13,MSFT,242.68163,252.991195,241.043481,249.077286,11,Monday,246.448398,25.0,0.101441
2023-03-20,MSFT,271.697433,272.187897,264.703412,267.038025,12,Monday,268.906691,25.0,0.092969
2023-03-27,MSFT,275.150305,276.091988,270.265273,271.108887,13,Monday,273.154113,25.0,0.091523
2023-04-03,MSFT,281.055473,282.772097,278.534511,281.751953,14,Monday,281.028508,25.0,0.088959
2023-04-10,MSFT,283.694138,284.076714,279.279962,283.870728,15,Monday,282.730385,25.0,0.088423
2023-04-17,MSFT,284.400415,286.038578,280.702328,283.291962,16,Monday,283.60832,25.0,0.08815
2023-04-24,MSFT,276.710022,279.515492,273.404299,276.396118,17,Monday,276.506483,25.0,0.090414
2023-05-01,MSFT,301.115473,302.71439,299.330177,299.732361,18,Monday,300.7231,25.0,0.083133
2023-05-08,MSFT,304.215181,304.283853,300.252224,302.763397,19,Monday,302.878664,25.0,0.082541
2023-05-15,MSFT,303.204864,303.989594,301.723653,303.557983,20,Monday,303.119023,25.0,0.082476
2023-05-22,MSFT,313.206911,317.129361,312.626902,315.743225,21,Monday,314.6766,25.0,0.079447
2023-05-30,MSFT,329.555425,330.056772,324.925132,325.603455,22,Tuesday,327.535196,25.0,0.076328
2023-06-05,MSFT,329.545574,332.829033,328.995056,330.253387,23,Monday,330.405762,25.0,0.075665
2023-06-12,MSFT,323.017939,326.478373,319.655848,326.232605,24,Monday,323.846191,25.0,0.077197
2023-06-20,MSFT,333.566256,336.289356,330.174645,332.327576,25,Tuesday,333.089458,25.0,0.075055
2023-06-26,MSFT,328.070924,330.420451,322.929444,323.037598,26,Monday,326.114604,25.0,0.07666
2023-07-03,MSFT,333.448345,335.129391,330.8727,332.268646,27,Monday,332.929771,25.0,0.075091
2023-07-10,MSFT,328.93602,329.555361,322.044673,326.212891,28,Monday,326.687236,25.0,0.076526
2023-07-17,MSFT,339.828453,341.116275,336.40738,339.877625,29,Monday,339.307433,25.0,0.073679
2023-07-24,MSFT,339.995591,341.047486,336.515506,339.268097,30,Monday,339.20667,25.0,0.073701
2023-07-31,MSFT,331.216776,331.983571,327.717011,330.233704,31,Monday,330.287765,25.0,0.075692
2023-08-07,MSFT,322.811497,325.505106,321.97588,324.522034,32,Monday,323.703629,25.0,0.077231
2023-08-14,MSFT,315.949674,318.57446,314.661821,318.55481,33,Monday,316.935191,25.0,0.07888
2023-08-21,MSFT,313.209949,317.97809,312.333177,317.101318,34,Monday,315.155634,25.0,0.079326
2023-08-28,MSFT,320.825149,321.307865,316.943641,318.894257,35,Monday,319.492728,25.0,0.078249
2023-09-05,MSFT,324.115615,329.878771,323.780666,328.598053,36,Tuesday,326.593276,25.0,0.076548
2023-09-11,MSFT,332.233262,333.395767,330.450136,332.922882,37,Monday,332.250512,25.0,0.075244
2023-09-18,MSFT,322.93341,325.494816,321.514786,324.174713,38,Monday,323.529431,25.0,0.077273
2023-09-25,MSFT,311.889836,312.953819,310.323446,312.825745,39,Monday,311.998212,25.0,0.080129
2023-10-02,MSFT,311.584453,317.111182,310.500778,317.022491,40,Monday,314.054726,25.0,0.079604
2023-10-09,MSFT,319.928694,325.396286,318.381996,324.923431,41,Monday,322.157602,25.0,0.077602
2023-10-16,MSFT,326.135087,331.149545,325.691786,327.701508,42,Monday,327.669481,25.0,0.076296
2023-10-23,MSFT,320.637999,327.790225,319.574046,324.430847,43,Monday,323.108279,25.0,0.077373
2023-10-30,MSFT,328.460122,334.410459,326.903562,332.302216,44,Monday,330.51909,25.0,0.075639
2023-11-06,MSFT,348.202647,352.231923,348.104126,351.236908,45,Monday,349.943901,25.0,0.07144
2023-11-13,MSFT,362.75329,362.999579,360.467726,361.236145,46,Monday,361.864185,25.0,0.069087
2023-11-20,MSFT,366.451061,374.002778,366.233886,372.591156,47,Monday,369.81972,25.0,0.067601
2023-11-27,MSFT,371.939616,375.750044,371.367081,373.746094,48,Monday,373.200709,25.0,0.066988
2023-12-04,MSFT,364.358302,364.77289,358.237939,364.397797,49,Monday,362.941732,25.0,0.068882
2023-12-11,MSFT,363.746219,366.826132,361.39679,366.529968,50,Monday,364.624777,25.0,0.068564
2023-12-18,MSFT,364.703768,368.20815,363.943641,367.86264,51,Monday,366.17955,25.0,0.068273
2023-12-26,MSFT,370.182522,372.097602,368.701792,369.846893,52,Tuesday,370.207202,25.0,0.06753
2024-01-02,MSFT,369.057108,371.07091,362.058195,366.10553,1,Tuesday,367.072936,25.0,0.068106
2024-01-08,MSFT,364.555724,370.379953,364.269471,369.876495,2,Monday,367.270411,25.0,0.06807
2024-01-16,MSFT,388.602812,388.968054,382.640397,385.256348,3,Tuesday,386.366903,25.0,0.064705
2024-01-22,MSFT,394.881056,395.473354,388.533667,391.416168,4,Monday,392.576061,25.0,0.063682
2024-01-29,MSFT,400.843467,404.713121,399.135681,404.456451,5,Monday,402.28718,25.0,0.062145
2024-02-05,MSFT,404.634184,405.878007,398.800103,400.438782,6,Monday,402.437769,25.0,0.062121
2024-02-12,MSFT,415.157224,415.334905,409.421866,409.925323,7,Monday,412.45983,25.0,0.060612
2024-02-20,MSFT,398.795761,400.031984,393.623422,398.350739,8,Tuesday,397.700476,25.0,0.062861
2024-02-26,MSFT,406.925181,407.617478,402.870362,403.048401,9,Monday,405.115355,25.0,0.061711
2024-03-04,MSFT,408.883377,412.750288,407.775726,410.347076,10,Monday,409.939117,25.0,0.060985
2024-03-11,MSFT,399.310042,401.208864,396.837596,400.061646,11,Monday,399.354537,25.0,0.062601
2024-03-18,MSFT,409.6845,416.093094,409.219679,412.720673,12,Monday,411.929486,25.0,0.06069
2024-03-25,MSFT,420.553329,422.699426,416.963331,418.199554,13,Monday,419.60391,25.0,0.05958
2024-04-01,MSFT,419.277555,423.174133,417.56661,419.890717,14,Monday,419.977254,25.0,0.059527
2024-04-08,MSFT,420.484117,422.570847,418.634701,419.910492,15,Monday,420.400039,25.0,0.059467
2024-04-15,MSFT,421.898396,422.115972,408.87353,409.081238,16,Monday,415.492284,25.0,0.06017
2024-04-22,MSFT,395.670618,398.410108,391.388353,396.540924,17,Monday,395.502501,25.0,0.063211
2024-04-29,MSFT,400.783678,401.841893,394.790469,397.816742,18,Monday,398.808196,25.0,0.062687
2024-05-06,MSFT,404.255013,409.368016,401.891339,408.98233,19,Monday,406.124174,25.0,0.061558
2024-05-13,MSFT,413.403005,413.739255,406.292246,409.160278,20,Monday,410.648696,25.0,0.060879
2024-05-20,MSFT,416.328363,422.827764,416.110394,421.41098,21,Monday,419.169375,25.0,0.059642
2024-05-28,MSFT,425.661342,426.840352,422.659333,426.344971,22,Tuesday,425.376499,25.0,0.058771
2024-06-03,MSFT,411.691607,412.583288,405.142681,409.700165,23,Monday,409.779435,25.0,0.061008
2024-06-10,MSFT,420.776902,424.125654,419.974387,423.917603,24,Monday,422.198636,25.0,0.059214
2024-06-17,MSFT,438.501604,446.774478,436.648883,444.22821,25,Monday,441.538294,25.0,0.05662
2024-06-24,MSFT,445.645059,448.567821,442.286389,443.53476,26,Monday,445.008507,25.0,0.056179
2024-07-01,MSFT,444.515585,453.14512,441.543297,452.511047,27,Monday,447.928762,25.0,0.055812
2024-07-08,MSFT,462.240331,463.379732,460.169641,461.933197,28,Monday,461.930725,25.0,0.054121
2024-07-15,MSFT,449.112695,453.036136,447.259973,449.766602,29,Monday,449.793851,25.0,0.055581
2024-07-22,MSFT,437.709018,440.493058,434.855617,438.848389,30,Monday,437.97652,25.0,0.057081
2024-07-29,MSFT,427.593322,428.158063,420.7769,422.788147,31,Monday,424.829108,25.0,0.058847
2024-08-05,MSFT,385.575106,397.335454,382.018242,391.499847,32,Monday,389.107162,25.0,0.06425
2024-08-12,MSFT,403.299815,404.984123,400.505857,403.052124,33,Monday,402.96048,25.0,0.062041
2024-08-19,MSFT,415.83809,418.607308,413.356719,418.388947,34,Monday,416.547766,25.0,0.060017
2024-08-26,MSFT,413.267388,414.170611,408.274871,410.408844,35,Monday,411.530429,25.0,0.060749
2024-09-03,MSFT,414.795925,416.751246,403.996993,406.389038,36,Tuesday,410.4833,25.0,0.060904
2024-09-09,MSFT,404.20541,405.604906,399.153342,402.696747,37,Monday,402.915101,25.0,0.062048
2024-09-16,MSFT,427.391348,430.299507,425.029078,428.125824,38,Monday,427.711439,25.0,0.058451
2024-09-23,MSFT,431.043914,433.207663,427.182917,430.279663,39,Monday,430.428539,25.0,0.058082
2024-09-30,MSFT,425.019175,427.212729,422.200341,427.093597,40,Monday,425.38146,25.0,0.058771
2024-10-07,MSFT,412.900135,414.00185,405.952297,406.488281,41,Monday,409.835641,25.0,0.061
2024-10-14,MSFT,414.656937,420.880235,414.4088,416.016754,42,Monday,416.490682,25.0,0.060025
2024-10-21,MSFT,413.019241,415.838075,410.666907,415.659424,43,Monday,413.795912,25.0,0.060416
2024-10-28,MSFT,428.443421,428.721334,423.123346,423.411194,44,Monday,425.924824,25.0,0.058696
2024-11-04,MSFT,406.746332,407.361738,402.547872,405.416321,45,Monday,405.518065,25.0,0.06165
2024-11-11,MSFT,419.371545,421.644489,412.90014,414.895172,46,Monday,417.202837,25.0,0.059923
2024-11-18,MSFT,411.778544,415.282238,409.029196,412.661926,47,Monday,412.187976,25.0,0.060652
2024-11-25,MSFT,416.09361,418.778837,412.582902,416.501373,48,Monday,415.989181,25.0,0.060098
2024-12-02,MSFT,419.266177,430.633706,419.007588,428.624756,49,Monday,424.383057,25.0,0.058909
2024-12-09,MSFT,440.181227,445.879893,438.092697,443.58252,50,Monday,441.934084,25.0,0.05657
2024-12-16,MSFT,444.825732,449.708903,442.846617,449.122131,51,Monday,446.625846,25.0,0.055975
2024-12-23,MSFT,434.353308,435.258338,430.464671,432.87146,52,Monday,433.236944,25.0,0.057705
2025-01-02,MSFT,423.204542,423.7416,412.582914,416.292511,1,Thursday,418.955392,25.0,0.059672
2025-01-06,MSFT,425.661046,431.946515,423.154828,425.511871,2,Monday,426.568565,25.0,0.058607
2025-01-13,MSFT,412.97077,416.212964,410.03691,414.910126,3,Monday,413.532692,25.0,0.060455
2025-01-21,MSFT,427.849047,428.545204,423.274179,426.158325,4,Tuesday,426.456689,25.0,0.058623
2025-01-27,MSFT,421.692877,432.821728,421.185654,432.185211,5,Monday,426.971368,25.0,0.058552
2025-02-03,MSFT,409.350654,413.13983,406.426718,408.674377,6,Monday,409.397895,25.0,0.061065
2025-02-10,MSFT,411.449133,413.189569,408.674402,409.967285,7,Monday,410.820097,25.0,0.060854
2025-02-18,MSFT,405.770345,408.356143,404.278543,407.401398,8,Tuesday,406.451607,25.0,0.061508
2025-02-24,MSFT,407.092196,407.949197,397.93409,402.597839,9,Monday,403.89333,25.0,0.061898
2025-03-03,MSFT,397.435827,397.435827,384.819763,387.141663,10,Monday,391.70827,25.0,0.063823
2025-03-10,MSFT,384.500855,385.058909,375.910778,378.840576,11,Monday,381.07778,25.0,0.065603
2025-03-17,MSFT,385.357894,391.347014,384.231811,387.350952,12,Monday,387.071918,25.0,0.064587
2025-03-24,MSFT,394.027684,394.027684,388.457089,391.715729,13,Monday,392.057046,25.0,0.063766
2025-03-31,MSFT,371.247044,375.76132,365.96542,374.087158,14,Monday,371.765235,25.0,0.067247
2025-04-07,MSFT,349.662226,369.712391,343.593365,356.617981,15,Monday,354.896491,25.0,0.070443
2025-04-14,MSFT,391.855247,393.280276,382.876508,386.46402,16,Monday,388.619013,25.0,0.06433
2025-04-21,MSFT,361.560767,363.215009,354.435588,357.873596,17,Monday,359.27124,25.0,0.069585
2025-04-28,MSFT,390.599641,391.376932,385.298127,389.802429,18,Monday,389.269282,25.0,0.064223
2025-05-05,MSFT,431.367624,437.974618,430.610252,434.656189,19,Monday,433.652171,25.0,0.05765
2025-05-12,MSFT,444.39229,447.810379,438.253666,447.700775,20,Monday,444.539278,25.0,0.056238
2025-05-19,MSFT,450.140006,458.835702,450.06012,458.116882,21,Monday,454.288177,25.0,0.055031
2025-05-27,MSFT,455.730817,460.193482,455.371392,459.933899,22,Tuesday,457.807398,25.0,0.054608
2025-06-02,MSFT,456.389763,461.351577,456.140173,461.211823,23,Monday,458.773334,25.0,0.054493
2025-06-09,MSFT,468.929139,472.652998,467.850894,471.974121,24,Monday,470.351788,25.0,0.053152
2025-06-16,MSFT,474.430065,479.901082,474.220418,478.353638,25,Monday,476.7263,25.0,0.052441
2025-06-23,MSFT,477.425139,486.94949,471.734512,485.202362,26,Monday,480.327876,25.0,0.052048
2025-06-30,MSFT,496.224271,499.938167,494.517055,496.593658,27,Monday,496.818288,25.0,0.05032
2025-07-07,MSFT,496.563699,497.931446,494.417234,496.903137,28,Monday,496.453879,25.0,0.050357
2025-07-14,MSFT,500.696889,503.142881,500.207703,502.194427,29,Monday,501.560475,25.0,0.049844
2025-07-21,MSFT,505.878362,511.249567,504.720262,509.22287,30,Monday,507.767765,25.0,0.049235
2025-07-28,MSFT,513.236298,514.154771,509.282776,511.658875,31,Monday,512.08318,25.0,0.04882
2025-08-04,MSFT,527.403026,537.366627,527.263241,534.760925,32,Monday,531.698455,25.0,0.047019
2025-08-11,MSFT,521.442795,526.724152,518.867012,520.913696,33,Monday,521.986914,25.0,0.047894
2025-08-18,MSFT,520.733964,521.961925,513.176381,516.251282,34,Monday,518.030888,25.0,0.04826
2025-08-25,MSFT,506.630005,508.190002,504.119995,504.26001,35,Monday,505.800003,25.0,0.049427
