Symbol,Date,Open,High,Low,Close,Volume,Year,Month,Week,Weekday,avg_daily_price,Previous_Close,Daily_Gain_Loss_Pct,Open_vs_PrevClose_Pct,Low_vs_PrevClose_Pct,Close_vs_PrevClose_Pct,mx_percent_decline,BOD99-1,BOD98-2,BOD97-3,BOD96-4,BOD95-5,BOD94-6,BOD93-7,BOD92-8,BOD91-9,BOD90-10,BOD89-11,BOD88-12,BOD87-13,BOD86-14,BOD85-15,BOD84-16,BOD82-18,BOD81-19,BOD80-20,BOD79-21,BOD78-22,BOD77-23,BOD76-24,BOD75-25,Shares_Purchased,Total_Value_Purchased,BOD99-1_Executed,BOD98-2_Executed,BOD97-3_Executed,BOD96-4_Executed,BOD95-5_Executed,BOD94-6_Executed,BOD93-7_Executed,BOD92-8_Executed,BOD91-9_Executed,BOD90-10_Executed,BOD89-11_Executed,BOD88-12_Executed,BOD87-13_Executed,BOD86-14_Executed,BOD85-15_Executed,BOD84-16_Executed,BOD82-18_Executed,BOD81-19_Executed,BOD80-20_Executed,BOD79-21_Executed,BOD78-22_Executed,BOD77-23_Executed,BOD76-24_Executed,BOD75-25_Executed
ARKK,2014-10-31 04:00:00+00:00,18.42760610007744,18.42760610007744,18.391508102416992,18.391508102416992,2700,2014,10,43,Friday,18.4096,,,,,,,,,,,,,,,,,,,,,,,,,,,,,,,0,,False,False,False,False,False,False,False,False,False,False,False,False,False,False,False,False,False,False,False,False,False,False,False,False
ARKK,2014-11-03 05:00:00+00:00,18.490775874735952,18.490775874735952,18.364436325418925,18.391508102416992,2300,2014,11,44,Monday,18.4344,18.391508102416992,0.0,0.54,-0.15,0.0,0.15,18.2076,18.0237,17.8398,17.6558,17.4719,17.288,17.1041,16.9202,16.7363,16.5524,16.3684,16.1845,16.0006,15.8167,15.6328,15.4489,15.081,14.8971,14.7132,14.5293,14.3454,14.1615,13.9775,13.7936,0,0.0,False,False,False,False,False,False,False,False,False,False,False,False,False,False,False,False,False,False,False,False,False,False,False,False
ARKK,2014-11-04 05:00:00+00:00,18.229071204382063,18.292240975324685,18.229071204382063,18.28321647644043,7900,2014,11,44,Tuesday,18.2584,18.391508102416992,-0.59,-0.88,-0.88,-0.59,0.88,18.2076,18.0237,17.8398,17.6558,17.4719,17.288,17.1041,16.9202,16.7363,16.5524,16.3684,16.1845,16.0006,15.8167,15.6328,15.4489,15.081,14.8971,14.7132,14.5293,14.3454,14.1615,13.9775,13.7936,0,0.0,False,False,False,False,False,False,False,False,False,False,False,False,False,False,False,False,False,False,False,False,False,False,False,False
ARKK,2014-11-05 05:00:00+00:00,18.508826994498303,18.508826994498303,18.048587799072266,18.048587799072266,14900,2014,11,44,Wednesday,18.2787,18.28321647644043,-1.28,1.23,-1.28,-1.28,1.28,18.1004,17.9176,17.7347,17.5519,17.3691,17.1862,17.0034,16.8206,16.6377,16.4549,16.2721,16.0892,15.9064,15.7236,15.5407,15.3579,14.9922,14.8094,14.6266,14.4437,14.2609,14.0781,13.8952,13.7124,1,18.1004,True,False,False,False,False,False,False,False,False,False,False,False,False,False,False,False,False,False,False,False,False,False,False,False
ARKK,2014-11-06 05:00:00+00:00,18.129804075702424,18.174924850463867,18.111755077298955,18.174924850463867,2000,2014,11,44,Thursday,18.1479,18.048587799072266,0.7,0.45,0.35,0.7,-0.35,17.8681,17.6876,17.5071,17.3266,17.1462,16.9657,16.7852,16.6047,16.4242,16.2437,16.0632,15.8828,15.7023,15.5218,15.3413,15.1608,14.7998,14.6194,14.4389,14.2584,14.0779,13.8974,13.7169,13.5364,0,0.0,False,False,False,False,False,False,False,False,False,False,False,False,False,False,False,False,False,False,False,False,False,False,False,False
ARKK,2014-11-07 05:00:00+00:00,18.183951204167737,18.183951204167737,18.120781424560413,18.156879425048828,1500,2014,11,44,Friday,18.1614,18.174924850463867,-0.1,0.05,-0.3,-0.1,0.3,17.9932,17.8114,17.6297,17.4479,17.2662,17.0844,16.9027,16.7209,16.5392,16.3574,16.1757,15.9939,15.8122,15.6304,15.4487,15.2669,14.9034,14.7217,14.5399,14.3582,14.1764,13.9947,13.8129,13.6312,0,0.0,False,False,False,False,False,False,False,False,False,False,False,False,False,False,False,False,False,False,False,False,False,False,False,False
ARKK,2014-11-10 05:00:00+00:00,18.19297350537196,18.319313049316406,18.19297350537196,18.319313049316406,3900,2014,11,45,Monday,18.2561,18.156879425048828,0.89,0.2,0.2,0.89,-0.2,17.9753,17.7937,17.6122,17.4306,17.249,17.0675,16.8859,16.7043,16.5228,16.3412,16.1596,15.9781,15.7965,15.6149,15.4333,15.2518,14.8886,14.7071,14.5255,14.3439,14.1624,13.9808,13.7992,13.6177,0,0.0,False,False,False,False,False,False,False,False,False,False,False,False,False,False,False,False,False,False,False,False,False,False,False,False
ARKK,2014-11-11 05:00:00+00:00,18.671262665384845,18.671262665384845,18.25975374864641,18.310291290283203,2900,2014,11,45,Tuesday,18.4781,18.319313049316406,-0.05,1.92,-0.33,-0.05,0.33,18.1361,17.9529,17.7697,17.5865,17.4033,17.2202,17.037,16.8538,16.6706,16.4874,16.3042,16.121,15.9378,15.7546,15.5714,15.3882,15.0218,14.8386,14.6555,14.4723,14.2891,14.1059,13.9227,13.7395,0,0.0,False,False,False,False,False,False,False,False,False,False,False,False,False,False,False,False,False,False,False,False,False,False,False,False
ARKK,2014-11-12 05:00:00+00:00,18.28321749702049,18.37346076965332,18.26516849824448,18.37346076965332,2300,2014,11,45,Wednesday,18.3238,18.310291290283203,0.34,-0.15,-0.25,0.34,0.25,18.1272,17.9441,17.761,17.5779,17.3948,17.2117,17.0286,16.8455,16.6624,16.4793,16.2962,16.1131,15.93,15.7469,15.5637,15.3806,15.0144,14.8313,14.6482,14.4651,14.282,14.0989,13.9158,13.7327,0,0.0,False,False,False,False,False,False,False,False,False,False,False,False,False,False,False,False,False,False,False,False,False,False,False,False
ARKK,2014-11-13 05:00:00+00:00,18.409558716884884,18.427607717299104,18.319315436061213,18.35541343688965,11900,2014,11,45,Thursday,18.378,18.37346076965332,-0.1,0.2,-0.29,-0.1,0.29,18.1897,18.006,17.8223,17.6385,17.4548,17.2711,17.0873,16.9036,16.7198,16.5361,16.3524,16.1686,15.9849,15.8012,15.6174,15.4337,15.0662,14.8825,14.6988,14.515,14.3313,14.1476,13.9638,13.7801,0,0.0,False,False,False,False,False,False,False,False,False,False,False,False,False,False,False,False,False,False,False,False,False,False,False,False
ARKK,2014-11-14 05:00:00+00:00,18.427604917733102,18.44565391540528,18.427604917733102,18.44565391540528,1300,2014,11,45,Friday,18.4366,18.35541343688965,0.49,0.39,0.39,0.49,-0.39,18.1719,17.9883,17.8048,17.6212,17.4376,17.2541,17.0705,16.887,16.7034,16.5199,16.3363,16.1528,15.9692,15.7857,15.6021,15.4185,15.0514,14.8679,14.6843,14.5008,14.3172,14.1337,13.9501,13.7666,0,0.0,False,False,False,False,False,False,False,False,False,False,False,False,False,False,False,False,False,False,False,False,False,False,False,False
ARKK,2014-11-17 05:00:00+00:00,18.581022399009747,18.581022399009747,18.37346403988472,18.4185848236084,3400,2014,11,46,Monday,18.4885,18.44565391540528,-0.15,0.73,-0.39,-0.15,0.39,18.2612,18.0767,17.8923,17.7078,17.5234,17.3389,17.1545,16.97,16.7855,16.6011,16.4166,16.2322,16.0477,15.8633,15.6788,15.4943,15.1254,14.941,14.7565,14.5721,14.3876,14.2032,14.0187,13.8342,0,0.0,False,False,False,False,False,False,False,False,False,False,False,False,False,False,False,False,False,False,False,False,False,False,False,False
ARKK,2014-11-18 05:00:00+00:00,18.59004592895508,18.59004592895508,18.59004592895508,18.59004592895508,1000,2014,11,46,Tuesday,18.59,18.4185848236084,0.93,0.93,0.93,0.93,-0.93,18.2344,18.0502,17.866,17.6818,17.4977,17.3135,17.1293,16.9451,16.7609,16.5767,16.3925,16.2084,16.0242,15.84,15.6558,15.4716,15.1032,14.9191,14.7349,14.5507,14.3665,14.1823,13.9981,13.8139,0,0.0,False,False,False,False,False,False,False,False,False,False,False,False,False,False,False,False,False,False,False,False,False,False,False,False
ARKK,2014-11-19 05:00:00+00:00,18.310291290283203,18.310291290283203,18.310291290283203,18.310291290283203,1100,2014,11,46,Wednesday,18.3103,18.59004592895508,-1.5,-1.5,-1.5,-1.5,1.5,18.4041,18.2182,18.0323,17.8464,17.6605,17.4746,17.2887,17.1028,16.9169,16.731,16.5451,16.3592,16.1733,15.9874,15.8015,15.6156,15.2438,15.0579,14.872,14.6861,14.5002,14.3143,14.1284,13.9425,1,18.4041,True,False,False,False,False,False,False,False,False,False,False,False,False,False,False,False,False,False,False,False,False,False,False,False
ARKK,2014-11-20 05:00:00+00:00,18.15687906728753,18.301267623901367,18.13883006739896,18.301267623901367,1300,2014,11,46,Thursday,18.2246,18.310291290283203,-0.05,-0.84,-0.94,-0.05,0.94,18.1272,17.9441,17.761,17.5779,17.3948,17.2117,17.0286,16.8455,16.6624,16.4793,16.2962,16.1131,15.93,15.7469,15.5637,15.3806,15.0144,14.8313,14.6482,14.4651,14.282,14.0989,13.9158,13.7327,0,0.0,False,False,False,False,False,False,False,False,False,False,False,False,False,False,False,False,False,False,False,False,False,False,False,False
ARKK,2014-11-21 05:00:00+00:00,18.38248526904133,18.38248526904133,18.37165518127681,18.37346076965332,1300,2014,11,46,Friday,18.3775,18.301267623901367,0.39,0.44,0.38,0.39,-0.38,18.1183,17.9352,17.7522,17.5692,17.3862,17.2032,17.0202,16.8372,16.6542,16.4711,16.2881,16.1051,15.9221,15.7391,15.5561,15.3731,15.007,14.824,14.641,14.458,14.275,14.092,13.909,13.726,0,0.0,False,False,False,False,False,False,False,False,False,False,False,False,False,False,False,False,False,False,False,False,False,False,False,False
ARKK,2014-11-24 05:00:00+00:00,18.364436511415114,18.49077606201172,18.364436511415114,18.49077606201172,2000,2014,11,47,Monday,18.4276,18.37346076965332,0.64,-0.05,-0.05,0.64,0.05,18.1897,18.006,17.8223,17.6385,17.4548,17.2711,17.0873,16.9036,16.7198,16.5361,16.3524,16.1686,15.9849,15.8012,15.6174,15.4337,15.0662,14.8825,14.6988,14.515,14.3313,14.1476,13.9638,13.7801,0,0.0,False,False,False,False,False,False,False,False,False,False,False,False,False,False,False,False,False,False,False,False,False,False,False,False
ARKK,2014-11-25 05:00:00+00:00,18.51784896850586,18.51784896850586,18.51784896850586,18.51784896850586,600,2014,11,47,Tuesday,18.5178,18.49077606201172,0.15,0.15,0.15,0.15,-0.15,18.3059,18.121,17.9361,17.7511,17.5662,17.3813,17.1964,17.0115,16.8266,16.6417,16.4568,16.2719,16.087,15.9021,15.7172,15.5323,15.1624,14.9775,14.7926,14.6077,14.4228,14.2379,14.053,13.8681,0,0.0,False,False,False,False,False,False,False,False,False,False,False,False,False,False,False,False,False,False,False,False,False,False,False,False
ARKK,2014-11-26 05:00:00+00:00,18.526873764541367,18.55394554138184,18.526873764541367,18.55394554138184,900,2014,11,47,Wednesday,18.5404,18.51784896850586,0.19,0.05,0.05,0.19,-0.05,18.3327,18.1475,17.9623,17.7771,17.592,17.4068,17.2216,17.0364,16.8512,16.6661,16.4809,16.2957,16.1105,15.9254,15.7402,15.555,15.1846,14.9995,14.8143,14.6291,14.4439,14.2587,14.0736,13.8884,0,0.0,False,False,False,False,False,False,False,False,False,False,False,False,False,False,False,False,False,False,False,False,False,False,False,False
ARKK,2014-11-28 05:00:00+00:00,18.53589957646391,18.63516563398693,18.526875076462293,18.58102035522461,1500,2014,11,47,Friday,18.5697,18.55394554138184,0.15,-0.1,-0.15,0.15,0.15,18.3684,18.1829,17.9973,17.8118,17.6262,17.4407,17.2552,17.0696,16.8841,16.6986,16.513,16.3275,16.1419,15.9564,15.7709,15.5853,15.2142,15.0287,14.8432,14.6576,14.4721,14.2865,14.101,13.9155,0,0.0,False,False,False,False,False,False,False,False,False,False,False,False,False,False,False,False,False,False,False,False,False,False,False,False
ARKK,2014-12-01 05:00:00+00:00,18.29224395751953,18.29224395751953,18.29224395751953,18.29224395751953,600,2014,12,48,Monday,18.2922,18.58102035522461,-1.55,-1.55,-1.55,-1.55,1.55,18.3952,18.2094,18.0236,17.8378,17.652,17.4662,17.2803,17.0945,16.9087,16.7229,16.5371,16.3513,16.1655,15.9797,15.7939,15.6081,15.2364,15.0506,14.8648,14.679,14.4932,14.3074,14.1216,13.9358,1,18.3952,True,False,False,False,False,False,False,False,False,False,False,False,False,False,False,False,False,False,False,False,False,False,False,False
ARKK,2014-12-02 05:00:00+00:00,18.09370422363281,18.09370422363281,18.09370422363281,18.09370422363281,900,2014,12,48,Tuesday,18.0937,18.29224395751953,-1.09,-1.09,-1.09,-1.09,1.09,18.1093,17.9264,17.7435,17.5606,17.3776,17.1947,17.0118,16.8289,16.6459,16.463,16.2801,16.0972,15.9143,15.7313,15.5484,15.3655,14.9996,14.8167,14.6338,14.4509,14.268,14.085,13.9021,13.7192,1,18.1093,True,False,False,False,False,False,False,False,False,False,False,False,False,False,False,False,False,False,False,False,False,False,False,False
ARKK,2014-12-03 05:00:00+00:00,18.12980842590332,18.12980842590332,18.12980842590332,18.12980842590332,600,2014,12,48,Wednesday,18.1298,18.09370422363281,0.2,0.2,0.2,0.2,-0.2,17.9128,17.7318,17.5509,17.37,17.189,17.0081,16.8271,16.6462,16.4653,16.2843,16.1034,15.9225,15.7415,15.5606,15.3796,15.1987,14.8368,14.6559,14.475,14.294,14.1131,13.9322,13.7512,13.5703,0,0.0,False,False,False,False,False,False,False,False,False,False,False,False,False,False,False,False,False,False,False,False,False,False,False,False
ARKK,2014-12-04 05:00:00+00:00,18.165901481808167,18.21102398062501,18.084684426432503,18.10273170471192,1900,2014,12,48,Thursday,18.1411,18.12980842590332,-0.15,0.2,-0.25,-0.15,0.25,17.9485,17.7672,17.5859,17.4046,17.2233,17.042,16.8607,16.6794,16.4981,16.3168,16.1355,15.9542,15.7729,15.5916,15.4103,15.229,14.8664,14.6851,14.5038,14.3225,14.1413,13.96,13.7787,13.5974,0,0.0,False,False,False,False,False,False,False,False,False,False,False,False,False,False,False,False,False,False,False,False,False,False,False,False
ARKK,2014-12-05 05:00:00+00:00,18.220050041713137,18.220050041713137,18.13883125813029,18.147855758666992,7400,2014,12,48,Friday,18.1817,18.10273170471192,0.25,0.65,0.2,0.25,-0.2,17.9217,17.7407,17.5596,17.3786,17.1976,17.0166,16.8355,16.6545,16.4735,16.2925,16.1114,15.9304,15.7494,15.5683,15.3873,15.2063,14.8442,14.6632,14.4822,14.3012,14.1201,13.9391,13.7581,13.577,0,0.0,False,False,False,False,False,False,False,False,False,False,False,False,False,False,False,False,False,False,False,False,False,False,False,False
ARKK,2014-12-08 05:00:00+00:00,18.1298048331224,18.1298048331224,17.759808956629886,17.804929733276367,900,2014,12,49,Monday,17.9561,18.147855758666992,-1.89,-0.1,-2.14,-1.89,2.14,17.9664,17.7849,17.6034,17.4219,17.2405,17.059,16.8775,16.696,16.5145,16.3331,16.1516,15.9701,15.7886,15.6072,15.4257,15.2442,14.8812,14.6998,14.5183,14.3368,14.1553,13.9738,13.7924,13.6109,2,35.7513,True,True,False,False,False,False,False,False,False,False,False,False,False,False,False,False,False,False,False,False,False,False,False,False
ARKK,2014-12-09 05:00:00+00:00,17.669565334354242,17.850051879882812,17.59737106039227,17.850051879882812,1400,2014,12,49,Tuesday,17.7418,17.804929733276367,0.25,-0.76,-1.17,0.25,1.17,17.6269,17.4488,17.2708,17.0927,16.9147,16.7366,16.5586,16.3805,16.2025,16.0244,15.8464,15.6683,15.4903,15.3122,15.1342,14.9561,14.6,14.422,14.2439,14.0659,13.8878,13.7098,13.5317,13.3537,1,17.6269,True,False,False,False,False,False,False,False,False,False,False,False,False,False,False,False,False,False,False,False,False,False,False,False
ARKK,2014-12-10 05:00:00+00:00,18.084684056475915,18.084684056475915,17.804929733276367,17.804929733276367,900,2014,12,49,Wednesday,17.9448,17.850051879882812,-0.25,1.31,-0.25,-0.25,0.25,17.6716,17.4931,17.3146,17.136,16.9575,16.779,16.6005,16.422,16.2435,16.065,15.8865,15.708,15.5295,15.351,15.1725,14.994,14.637,14.4585,14.28,14.1015,13.923,13.7445,13.566,13.3875,0,0.0,False,False,False,False,False,False,False,False,False,False,False,False,False,False,False,False,False,False,False,False,False,False,False,False
ARKK,2014-12-11 05:00:00+00:00,17.913222490833792,17.913222490833792,17.841028213500977,17.841028213500977,900,2014,12,49,Thursday,17.8771,17.804929733276367,0.2,0.61,0.2,0.2,-0.2,17.6269,17.4488,17.2708,17.0927,16.9147,16.7366,16.5586,16.3805,16.2025,16.0244,15.8464,15.6683,15.4903,15.3122,15.1342,14.9561,14.6,14.422,14.2439,14.0659,13.8878,13.7098,13.5317,13.3537,0,0.0,False,False,False,False,False,False,False,False,False,False,False,False,False,False,False,False,False,False,False,False,False,False,False,False
ARKK,2014-12-12 05:00:00+00:00,17.886146745112338,17.886146745112338,17.69483184814453,17.69483184814453,800,2014,12,49,Friday,17.7905,17.841028213500977,-0.82,0.25,-0.82,-0.82,0.82,17.6626,17.4842,17.3058,17.1274,16.949,16.7706,16.5922,16.4137,16.2353,16.0569,15.8785,15.7001,15.5217,15.3433,15.1649,14.9865,14.6296,14.4512,14.2728,14.0944,13.916,13.7376,13.5592,13.3808,0,0.0,False,False,False,False,False,False,False,False,False,False,False,False,False,False,False,False,False,False,False,False,False,False,False,False
ARKK,2014-12-15 05:00:00+00:00,17.723713373428993,17.723713373428993,17.398839950561523,17.398839950561523,1300,2014,12,50,Monday,17.5613,17.69483184814453,-1.67,0.16,-1.67,-1.67,1.67,17.5179,17.3409,17.164,16.987,16.8101,16.6331,16.4562,16.2792,16.1023,15.9253,15.7484,15.5715,15.3945,15.2176,15.0406,14.8637,14.5098,14.3328,14.1559,13.9789,13.802,13.625,13.4481,13.2711,1,17.5179,True,False,False,False,False,False,False,False,False,False,False,False,False,False,False,False,False,False,False,False,False,False,False,False
ARKK,2014-12-16 05:00:00+00:00,17.20030404361008,17.362741612535423,17.101037979125977,17.101037979125977,1500,2014,12,50,Tuesday,17.1913,17.398839950561523,-1.71,-1.14,-1.71,-1.71,1.71,17.2249,17.0509,16.8769,16.7029,16.5289,16.3549,16.1809,16.0069,15.8329,15.659,15.485,15.311,15.137,14.963,14.789,14.615,14.267,14.0931,13.9191,13.7451,13.5711,13.3971,13.2231,13.0491,1,17.2249,True,False,False,False,False,False,False,False,False,False,False,False,False,False,False,False,False,False,False,False,False,False,False,False
ARKK,2014-12-17 05:00:00+00:00,17.200303136896366,17.290546417236328,17.101037077645074,17.290546417236328,800,2014,12,50,Wednesday,17.2206,17.101037979125977,1.11,0.58,-0.0,1.11,0.0,16.93,16.759,16.588,16.417,16.246,16.075,15.904,15.733,15.5619,15.3909,15.2199,15.0489,14.8779,14.7069,14.5359,14.3649,14.0229,13.8518,13.6808,13.5098,13.3388,13.1678,12.9968,12.8258,0,0.0,False,False,False,False,False,False,False,False,False,False,False,False,False,False,False,False,False,False,False,False,False,False,False,False
ARKK,2014-12-18 05:00:00+00:00,17.904197987710987,17.95834326538878,17.904197987710987,17.94029426574707,1100,2014,12,50,Thursday,17.9268,17.290546417236328,3.76,3.55,3.55,3.76,-3.55,17.1176,16.9447,16.7718,16.5989,16.426,16.2531,16.0802,15.9073,15.7344,15.5615,15.3886,15.2157,15.0428,14.8699,14.697,14.5241,14.1782,14.0053,13.8324,13.6595,13.4866,13.3137,13.1408,12.9679,0,0.0,False,False,False,False,False,False,False,False,False,False,False,False,False,False,False,False,False,False,False,False,False,False,False,False
ARKK,2014-12-19 05:00:00+00:00,18.220047588541068,18.220047588541068,18.07565904188945,18.19297409057617,2100,2014,12,50,Friday,18.1772,17.94029426574707,1.41,1.56,0.75,1.41,-0.75,17.7609,17.5815,17.4021,17.2227,17.0433,16.8639,16.6845,16.5051,16.3257,16.1463,15.9669,15.7875,15.6081,15.4287,15.2493,15.0698,14.711,14.5316,14.3522,14.1728,13.9934,13.814,13.6346,13.4552,0,0.0,False,False,False,False,False,False,False,False,False,False,False,False,False,False,False,False,False,False,False,False,False,False,False,False
ARKK,2014-12-22 05:00:00+00:00,18.36443686251728,18.36443686251728,18.271486064945663,18.34638786315918,1200,2014,12,51,Monday,18.3367,18.19297409057617,0.84,0.94,0.43,0.84,-0.43,18.011,17.8291,17.6472,17.4653,17.2833,17.1014,16.9195,16.7375,16.5556,16.3737,16.1917,16.0098,15.8279,15.646,15.464,15.2821,14.9182,14.7363,14.5544,14.3724,14.1905,14.0086,13.8267,13.6447,0,0.0,False,False,False,False,False,False,False,False,False,False,False,False,False,False,False,False,False,False,False,False,False,False,False,False
ARKK,2014-12-23 05:00:00+00:00,18.40955588792809,18.40955588792809,18.319312620971903,18.352703094482425,1800,2014,12,51,Tuesday,18.3728,18.34638786315918,0.03,0.34,-0.15,0.03,0.15,18.1629,17.9795,17.796,17.6125,17.4291,17.2456,17.0621,16.8787,16.6952,16.5117,16.3283,16.1448,15.9614,15.7779,15.5944,15.411,15.044,14.8606,14.6771,14.4936,14.3102,14.1267,13.9433,13.7598,0,0.0,False,False,False,False,False,False,False,False,False,False,False,False,False,False,False,False,False,False,False,False,False,False,False,False
ARKK,2014-12-24 05:00:00+00:00,18.63516545602651,18.63516545602651,18.38248634338379,18.38248634338379,3200,2014,12,51,Wednesday,18.5088,18.352703094482425,0.16,1.54,0.16,0.16,-0.16,18.1692,17.9856,17.8021,17.6186,17.4351,17.2515,17.068,16.8845,16.701,16.5174,16.3339,16.1504,15.9669,15.7833,15.5998,15.4163,15.0492,14.8657,14.6822,14.4986,14.3151,14.1316,13.9481,13.7645,0,0.0,False,False,False,False,False,False,False,False,False,False,False,False,False,False,False,False,False,False,False,False,False,False,False,False
ARKK,2014-12-26 05:00:00+00:00,18.41858386151578,18.59004592895508,18.41858386151578,18.59004592895508,2400,2014,12,51,Friday,18.5043,18.38248634338379,1.13,0.2,0.2,1.13,-0.2,18.1987,18.0148,17.831,17.6472,17.4634,17.2795,17.0957,16.9119,16.7281,16.5442,16.3604,16.1766,15.9928,15.8089,15.6251,15.4413,15.0736,14.8898,14.706,14.5222,14.3383,14.1545,13.9707,13.7869,0,0.0,False,False,False,False,False,False,False,False,False,False,False,False,False,False,False,False,False,False,False,False,False,False,False,False
ARKK,2014-12-29 05:00:00+00:00,18.471823676161915,18.471823676161915,18.427604836932,18.433921813964844,1500,2014,12,52,Monday,18.4513,18.59004592895508,-0.84,-0.64,-0.87,-0.84,0.87,18.4041,18.2182,18.0323,17.8464,17.6605,17.4746,17.2887,17.1028,16.9169,16.731,16.5451,16.3592,16.1733,15.9874,15.8015,15.6156,15.2438,15.0579,14.872,14.6861,14.5002,14.3143,14.1284,13.9425,0,0.0,False,False,False,False,False,False,False,False,False,False,False,False,False,False,False,False,False,False,False,False,False,False,False,False
ARKK,2014-12-30 05:00:00+00:00,18.5719938584525,18.5719938584525,18.30126577250091,18.319313049316406,1000,2014,12,52,Tuesday,18.4411,18.433921813964844,-0.62,0.75,-0.72,-0.62,0.72,18.2496,18.0652,17.8809,17.6966,17.5122,17.3279,17.1435,16.9592,16.7749,16.5905,16.4062,16.2219,16.0375,15.8532,15.6688,15.4845,15.1158,14.9315,14.7471,14.5628,14.3785,14.1941,14.0098,13.8254,0,0.0,False,False,False,False,False,False,False,False,False,False,False,False,False,False,False,False,False,False,False,False,False,False,False,False
ARKK,2014-12-31 05:00:00+00:00,18.364436135192687,18.41858140987523,18.19297409057617,18.19297409057617,1300,2014,12,52,Wednesday,18.2922,18.319313049316406,-0.69,0.25,-0.69,-0.69,0.69,18.1361,17.9529,17.7697,17.5865,17.4033,17.2202,17.037,16.8538,16.6706,16.4874,16.3042,16.121,15.9378,15.7546,15.5714,15.3882,15.0218,14.8386,14.6555,14.4723,14.2891,14.1059,13.9227,13.7395,0,0.0,False,False,False,False,False,False,False,False,False,False,False,False,False,False,False,False,False,False,False,False,False,False,False,False
