Symbol,Date,Open,High,Low,Close,Volume,Year,Month,Week,Weekday,avg_daily_price,Previous_Close,Daily_Gain_Loss_Pct,Open_vs_PrevClose_Pct,Low_vs_PrevClose_Pct,Close_vs_PrevClose_Pct,mx_percent_decline,Shares_Purchased,Total_Value_Purchased,BOD99-1,BOD98-2,BOD97-3,BOD96-4,BOD95-5,BOD94-6,BOD93-7,BOD92-8,BOD91-9,BOD90-10,BOD89-11,BOD88-12,BOD87-13,BOD86-14,BOD85-15,BOD84-16,BOD83-17,BOD82-18,BOD81-19,BOD80-20,BOD79-21,BOD78-22,BOD77-23,BOD76-24,BOD75-25,BOD99-1_Executed,BOD98-2_Executed,BOD97-3_Executed,BOD96-4_Executed,BOD95-5_Executed,BOD94-6_Executed,BOD93-7_Executed,BOD92-8_Executed,BOD91-9_Executed,BOD90-10_Executed,BOD89-11_Executed,BOD88-12_Executed,BOD87-13_Executed,BOD86-14_Executed,BOD85-15_Executed,BOD84-16_Executed,BOD83-17_Executed,BOD82-18_Executed,BOD81-19_Executed,BOD80-20_Executed,BOD79-21_Executed,BOD78-22_Executed,BOD77-23_Executed,BOD76-24_Executed,BOD75-25_Executed
TSLA,2026-01-02,457.7999877929688,458.3399963378906,435.2999877929688,438.0700073242188,85535400,2026,1,1,Friday,447.3775,449.7200012207031,-2.59,1.8,-3.21,-2.59,3.21,3,1322.1768,445.2228,440.7256,436.2284,431.7312,427.234,422.7368,418.2396,413.7424,409.2452,404.748,400.2508,395.7536,391.2564,386.7592,382.262,377.7648,373.2676,368.7704,364.2732,359.776,355.2788,350.7816,346.2844,341.7872,337.29,True,True,True,False,False,False,False,False,False,False,False,False,False,False,False,False,False,False,False,False,False,False,False,False,False
TSLA,2026-01-05,447.989990234375,457.5499877929688,444.5700073242188,451.6700134277344,67940800,2026,1,1,Monday,450.445,438.0700073242188,3.1,2.26,1.48,3.1,-1.48,0,0.0,433.6893,429.3086,424.9279,420.5472,416.1665,411.7858,407.4051,403.0244,398.6437,394.263,389.8823,385.5016,381.1209,376.7402,372.3595,367.9788,363.5981,359.2174,354.8367,350.456,346.0753,341.6946,337.3139,332.9332,328.5525,False,False,False,False,False,False,False,False,False,False,False,False,False,False,False,False,False,False,False,False,False,False,False,False,False
TSLA,2026-01-06,446.3800048828125,448.25,428.7799987792969,432.9599914550781,89093800,2026,1,1,Tuesday,439.0925,451.6700134277344,-4.14,-1.17,-5.07,-4.14,5.07,5,2190.5996,447.1533,442.6366,438.1199,433.6032,429.0865,424.5698,420.0531,415.5364,411.0197,406.503,401.9863,397.4696,392.9529,388.4362,383.9195,379.4028,374.8861,370.3694,365.8527,361.336,356.8193,352.3026,347.7859,343.2692,338.7525,True,True,True,True,True,False,False,False,False,False,False,False,False,False,False,False,False,False,False,False,False,False,False,False,False
TSLA,2026-01-07,435.8999938964844,438.3699951171875,431.2900085449219,431.4100036621094,59828800,2026,1,1,Wednesday,434.2425,432.9599914550781,-0.36,0.68,-0.39,-0.36,0.39,0,0.0,428.6304,424.3008,419.9712,415.6416,411.312,406.9824,402.6528,398.3232,393.9936,389.664,385.3344,381.0048,376.6752,372.3456,368.016,363.6864,359.3568,355.0272,350.6976,346.368,342.0384,337.7088,333.3792,329.0496,324.72,False,False,False,False,False,False,False,False,False,False,False,False,False,False,False,False,False,False,False,False,False,False,False,False,False
TSLA,2026-01-08,427.8900146484375,436.8900146484375,424.3699951171875,435.7999877929688,57041100,2026,1,1,Thursday,431.2375,431.4100036621094,1.02,-0.82,-1.63,1.02,1.63,1,427.0959,427.0959,422.7818,418.4677,414.1536,409.8395,405.5254,401.2113,396.8972,392.5831,388.269,383.9549,379.6408,375.3267,371.0126,366.6985,362.3844,358.0703,353.7562,349.4421,345.128,340.8139,336.4998,332.1857,327.8716,323.5575,True,False,False,False,False,False,False,False,False,False,False,False,False,False,False,False,False,False,False,False,False,False,False,False,False
TSLA,2026-01-09,435.9500122070313,449.0499877929688,430.3900146484375,445.010009765625,67331500,2026,1,1,Friday,440.1,435.7999877929688,2.11,0.03,-1.24,2.11,1.24,1,431.442,431.442,427.084,422.726,418.368,414.01,409.652,405.294,400.936,396.578,392.22,387.862,383.504,379.146,374.788,370.43,366.072,361.714,357.356,352.998,348.64,344.282,339.924,335.566,331.208,326.85,True,False,False,False,False,False,False,False,False,False,False,False,False,False,False,False,False,False,False,False,False,False,False,False,False
TSLA,2026-01-12,441.2300109863281,454.2999877929688,438.0,448.9599914550781,61649600,2026,1,2,Monday,445.6225,445.010009765625,0.89,-0.85,-1.58,0.89,1.58,1,440.5599,440.5599,436.1098,431.6597,427.2096,422.7595,418.3094,413.8593,409.4092,404.9591,400.509,396.0589,391.6088,387.1587,382.7086,378.2585,373.8084,369.3583,364.9082,360.4581,356.008,351.5579,347.1078,342.6577,338.2076,333.7575,True,False,False,False,False,False,False,False,False,False,False,False,False,False,False,False,False,False,False,False,False,False,False,False,False
TSLA,2026-01-13,450.2000122070313,451.80999755859375,443.9500122070313,447.2000122070313,53719200,2026,1,2,Tuesday,448.29,448.9599914550781,-0.39,0.28,-1.12,-0.39,1.12,1,444.4704,444.4704,439.9808,435.4912,431.0016,426.512,422.0224,417.5328,413.0432,408.5536,404.064,399.5744,395.0848,390.5952,386.1056,381.616,377.1264,372.6368,368.1472,363.6576,359.168,354.6784,350.1888,345.6992,341.2096,336.72,True,False,False,False,False,False,False,False,False,False,False,False,False,False,False,False,False,False,False,False,False,False,False,False,False
TSLA,2026-01-14,442.80999755859375,443.9100036621094,434.2200012207031,439.2000122070313,57259500,2026,1,2,Wednesday,440.035,447.2000122070313,-1.79,-0.98,-2.9,-1.79,2.9,2,880.984,442.728,438.256,433.784,429.312,424.84,420.368,415.896,411.424,406.952,402.48,398.008,393.536,389.064,384.592,380.12,375.648,371.176,366.704,362.232,357.76,353.288,348.816,344.344,339.872,335.4,True,True,False,False,False,False,False,False,False,False,False,False,False,False,False,False,False,False,False,False,False,False,False,False,False
TSLA,2026-01-15,441.1300048828125,445.3599853515625,437.6499938964844,438.5700073242188,49465800,2026,1,2,Thursday,440.6775,439.2000122070313,-0.14,0.44,-0.35,-0.14,0.35,0,0.0,434.808,430.416,426.024,421.632,417.24,412.848,408.456,404.064,399.672,395.28,390.888,386.496,382.104,377.712,373.32,368.928,364.536,360.144,355.752,351.36,346.968,342.576,338.184,333.792,329.4,False,False,False,False,False,False,False,False,False,False,False,False,False,False,False,False,False,False,False,False,False,False,False,False,False
TSLA,2026-01-16,439.5,447.25,435.260009765625,437.5,60220600,2026,1,2,Friday,439.8775,438.5700073242188,-0.24,0.21,-0.75,-0.24,0.75,0,0.0,434.1843,429.7986,425.4129,421.0272,416.6415,412.2558,407.8701,403.4844,399.0987,394.713,390.3273,385.9416,381.5559,377.1702,372.7845,368.3988,364.0131,359.6274,355.2417,350.856,346.4703,342.0846,337.6989,333.3132,328.9275,False,False,False,False,False,False,False,False,False,False,False,False,False,False,False,False,False,False,False,False,False,False,False,False,False
TSLA,2026-01-20,429.3599853515625,430.7300109863281,417.4400024414063,419.25,63187300,2026,1,3,Tuesday,424.195,437.5,-4.17,-1.86,-4.59,-4.17,4.59,4,1706.25,433.125,428.75,424.375,420.0,415.625,411.25,406.875,402.5,398.125,393.75,389.375,385.0,380.625,376.25,371.875,367.5,363.125,358.75,354.375,350.0,345.625,341.25,336.875,332.5,328.125,True,True,True,True,False,False,False,False,False,False,False,False,False,False,False,False,False,False,False,False,False,False,False,False,False
TSLA,2026-01-21,421.6600036621094,438.2000122070313,419.6199951171875,431.4400024414063,68124000,2026,1,3,Wednesday,427.73,419.25,2.91,0.57,0.09,2.91,-0.09,0,0.0,415.0575,410.865,406.6725,402.48,398.2875,394.095,389.9025,385.71,381.5175,377.325,373.1325,368.94,364.7475,360.555,356.3625,352.17,347.9775,343.785,339.5925,335.4,331.2075,327.015,322.8225,318.63,314.4375,False,False,False,False,False,False,False,False,False,False,False,False,False,False,False,False,False,False,False,False,False,False,False,False,False
TSLA,2026-01-22,435.1600036621094,449.5,432.6300048828125,449.3599853515625,71546700,2026,1,3,Thursday,441.6625,431.4400024414063,4.15,0.86,0.28,4.15,-0.28,0,0.0,427.1256,422.8112,418.4968,414.1824,409.868,405.5536,401.2392,396.9248,392.6104,388.296,383.9816,379.6672,375.3528,371.0384,366.724,362.4096,358.0952,353.7808,349.4664,345.152,340.8376,336.5232,332.2088,327.8944,323.58,False,False,False,False,False,False,False,False,False,False,False,False,False,False,False,False,False,False,False,False,False,False,False,False,False
TSLA,2026-01-23,447.4299926757813,452.4299926757813,444.0400085449219,449.05999755859375,56771400,2026,1,3,Friday,448.24,449.3599853515625,-0.07,-0.43,-1.18,-0.07,1.18,1,444.8664,444.8664,440.3728,435.8792,431.3856,426.892,422.3984,417.9048,413.4112,408.9176,404.424,399.9304,395.4368,390.9432,386.4496,381.956,377.4624,372.9688,368.4752,363.9816,359.488,354.9944,350.5008,346.0072,341.5136,337.02,True,False,False,False,False,False,False,False,False,False,False,False,False,False,False,False,False,False,False,False,False,False,False,False,False
TSLA,2026-01-26,445.0,445.0400085449219,434.2799987792969,435.2000122070313,49397400,2026,1,4,Monday,439.88,449.05999755859375,-3.09,-0.9,-3.29,-3.09,3.29,3,1320.2364,444.5694,440.0788,435.5882,431.0976,426.607,422.1164,417.6258,413.1352,408.6446,404.154,399.6634,395.1728,390.6822,386.1916,381.701,377.2104,372.7198,368.2292,363.7386,359.248,354.7574,350.2668,345.7762,341.2856,336.795,True,True,True,False,False,False,False,False,False,False,False,False,False,False,False,False,False,False,False,False,False,False,False,False,False
TSLA,2026-01-27,437.4100036621094,437.5199890136719,430.6900024414063,430.8999938964844,37733100,2026,1,4,Tuesday,434.13,435.2000122070313,-0.99,0.51,-1.04,-0.99,1.04,1,430.848,430.848,426.496,422.144,417.792,413.44,409.088,404.736,400.384,396.032,391.68,387.328,382.976,378.624,374.272,369.92,365.568,361.216,356.864,352.512,348.16,343.808,339.456,335.104,330.752,326.4,True,False,False,False,False,False,False,False,False,False,False,False,False,False,False,False,False,False,False,False,False,False,False,False,False
TSLA,2026-01-28,431.9100036621094,438.260009765625,430.1000061035156,431.4599914550781,54857400,2026,1,4,Wednesday,432.9325,430.8999938964844,0.13,0.23,-0.19,0.13,0.19,0,0.0,426.591,422.282,417.973,413.664,409.355,405.046,400.737,396.428,392.119,387.81,383.501,379.192,374.883,370.574,366.265,361.956,357.647,353.338,349.029,344.72,340.411,336.102,331.793,327.484,323.175,False,False,False,False,False,False,False,False,False,False,False,False,False,False,False,False,False,False,False,False,False,False,False,False,False
TSLA,2026-01-29,437.7999877929688,440.2300109863281,414.6199951171875,416.55999755859375,81686100,2026,1,4,Thursday,427.3025,431.4599914550781,-3.45,1.47,-3.9,-3.45,3.9,3,1268.4924,427.1454,422.8308,418.5162,414.2016,409.887,405.5724,401.2578,396.9432,392.6286,388.314,383.9994,379.6848,375.3702,371.0556,366.741,362.4264,358.1118,353.7972,349.4826,345.168,340.8534,336.5388,332.2242,327.9096,323.595,True,True,True,False,False,False,False,False,False,False,False,False,False,False,False,False,False,False,False,False,False,False,False,False,False
TSLA,2026-01-30,425.3500061035156,439.8800048828125,422.7000122070313,430.4100036621094,82626100,2026,1,4,Friday,429.585,416.55999755859375,3.32,2.11,1.47,3.32,-1.47,0,0.0,412.3944,408.2288,404.0632,399.8976,395.732,391.5664,387.4008,383.2352,379.0696,374.904,370.7384,366.5728,362.4072,358.2416,354.076,349.9104,345.7448,341.5792,337.4136,333.248,329.0824,324.9168,320.7512,316.5856,312.42,False,False,False,False,False,False,False,False,False,False,False,False,False,False,False,False,False,False,False,False,False,False,False,False,False
TSLA,2026-02-02,421.2900085449219,427.1499938964844,414.5,421.80999755859375,58739500,2026,2,5,Monday,421.1875,430.4100036621094,-2.0,-2.12,-3.7,-2.0,3.7,3,1265.4054,426.1059,421.8018,417.4977,413.1936,408.8895,404.5854,400.2813,395.9772,391.6731,387.369,383.0649,378.7608,374.4567,370.1526,365.8485,361.5444,357.2403,352.9362,348.6321,344.328,340.0239,335.7198,331.4157,327.1116,322.8075,True,True,True,False,False,False,False,False,False,False,False,False,False,False,False,False,False,False,False,False,False,False,False,False,False
TSLA,2026-02-03,424.2699890136719,428.55999755859375,413.6900024414063,421.9599914550781,56886500,2026,2,5,Tuesday,422.12,421.80999755859375,0.04,0.58,-1.93,0.04,1.93,1,417.5919,417.5919,413.3738,409.1557,404.9376,400.7195,396.5014,392.2833,388.0652,383.8471,379.629,375.4109,371.1928,366.9747,362.7566,358.5385,354.3204,350.1023,345.8842,341.6661,337.448,333.2299,329.0118,324.7937,320.5756,316.3575,True,False,False,False,False,False,False,False,False,False,False,False,False,False,False,False,False,False,False,False,False,False,False,False,False
TSLA,2026-02-04,420.4599914550781,423.8999938964844,399.1799926757813,406.010009765625,74606900,2026,2,5,Wednesday,412.3875,421.9599914550781,-3.78,-0.36,-5.4,-3.78,5.4,5,2046.506,417.7404,413.5208,409.3012,405.0816,400.862,396.6424,392.4228,388.2032,383.9836,379.764,375.5444,371.3248,367.1052,362.8856,358.666,354.4464,350.2268,346.0072,341.7876,337.568,333.3484,329.1288,324.9092,320.6896,316.47,True,True,True,True,True,False,False,False,False,False,False,False,False,False,False,False,False,False,False,False,False,False,False,False,False
TSLA,2026-02-05,397.0199890136719,402.1000061035156,387.5299987792969,397.2099914550781,72819800,2026,2,5,Thursday,395.965,406.010009765625,-2.17,-2.21,-4.55,-2.17,4.55,4,1583.439,401.9499,397.8898,393.8297,389.7696,385.7095,381.6494,377.5893,373.5292,369.4691,365.409,361.3489,357.2888,353.2287,349.1686,345.1085,341.0484,336.9883,332.9282,328.8681,324.808,320.7479,316.6878,312.6277,308.5676,304.5075,True,True,True,True,False,False,False,False,False,False,False,False,False,False,False,False,False,False,False,False,False,False,False,False,False
TSLA,2026-02-06,400.8699951171875,414.5499877929688,397.75,411.1099853515625,62677100,2026,2,5,Friday,406.07,397.2099914550781,3.5,0.92,0.14,3.5,-0.14,0,0.0,393.2379,389.2658,385.2937,381.3216,377.3495,373.3774,369.4053,365.4332,361.4611,357.489,353.5169,349.5448,345.5727,341.6006,337.6285,333.6564,329.6843,325.7122,321.7401,317.768,313.7959,309.8238,305.8517,301.8796,297.9075,False,False,False,False,False,False,False,False,False,False,False,False,False,False,False,False,False,False,False,False,False,False,False,False,False
TSLA,2026-02-09,409.9100036621094,421.25,407.2900085449219,417.3200073242188,54484300,2026,2,6,Monday,413.9425,411.1099853515625,1.51,-0.29,-0.93,1.51,0.93,0,0.0,406.9989,402.8878,398.7767,394.6656,390.5545,386.4434,382.3323,378.2212,374.1101,369.999,365.8879,361.7768,357.6657,353.5546,349.4435,345.3324,341.2213,337.1102,332.9991,328.888,324.7769,320.6658,316.5547,312.4436,308.3325,False,False,False,False,False,False,False,False,False,False,False,False,False,False,False,False,False,False,False,False,False,False,False,False,False
TSLA,2026-02-10,418.0799865722656,427.25,417.0,425.2099914550781,64450200,2026,2,6,Tuesday,421.885,417.3200073242188,1.89,0.18,-0.08,1.89,0.08,0,0.0,413.1468,408.9736,404.8004,400.6272,396.454,392.2808,388.1076,383.9344,379.7612,375.588,371.4148,367.2416,363.0684,358.8952,354.722,350.5488,346.3756,342.2024,338.0292,333.856,329.6828,325.5096,321.3364,317.1632,312.99,False,False,False,False,False,False,False,False,False,False,False,False,False,False,False,False,False,False,False,False,False,False,False,False,False
TSLA,2026-02-11,427.9599914550781,436.3500061035156,420.0299987792969,428.2699890136719,57362000,2026,2,6,Wednesday,428.1525,425.2099914550781,0.72,0.65,-1.22,0.72,1.22,1,420.9579,420.9579,416.7058,412.4537,408.2016,403.9495,399.6974,395.4453,391.1932,386.9411,382.689,378.4369,374.1848,369.9327,365.6806,361.4285,357.1764,352.9243,348.6722,344.4201,340.168,335.9159,331.6638,327.4117,323.1596,318.9075,True,False,False,False,False,False,False,False,False,False,False,False,False,False,False,False,False,False,False,False,False,False,False,False,False
TSLA,2026-02-12,430.2999877929688,436.2300109863281,414.0,417.0700073242188,61933400,2026,2,6,Thursday,424.4,428.2699890136719,-2.62,0.47,-3.33,-2.62,3.33,3,1259.1138,423.9873,419.7046,415.4219,411.1392,406.8565,402.5738,398.2911,394.0084,389.7257,385.443,381.1603,376.8776,372.5949,368.3122,364.0295,359.7468,355.4641,351.1814,346.8987,342.616,338.3333,334.0506,329.7679,325.4852,321.2025,True,True,True,False,False,False,False,False,False,False,False,False,False,False,False,False,False,False,False,False,False,False,False,False,False
TSLA,2026-02-13,414.30999755859375,424.05999755859375,410.8800048828125,417.4400024414063,51434100,2026,2,6,Friday,416.6725,417.0700073242188,0.09,-0.66,-1.48,0.09,1.48,1,412.8993,412.8993,408.7286,404.5579,400.3872,396.2165,392.0458,387.8751,383.7044,379.5337,375.363,371.1923,367.0216,362.8509,358.6802,354.5095,350.3388,346.1681,341.9974,337.8267,333.656,329.4853,325.3146,321.1439,316.9732,312.8025,True,False,False,False,False,False,False,False,False,False,False,False,False,False,False,False,False,False,False,False,False,False,False,False,False
TSLA,2026-02-17,412.3599853515625,413.7200012207031,400.510009765625,410.6300048828125,59678800,2026,2,7,Tuesday,409.305,417.4400024414063,-1.63,-1.22,-4.06,-1.63,4.06,4,1628.016,413.2656,409.0912,404.9168,400.7424,396.568,392.3936,388.2192,384.0448,379.8704,375.696,371.5216,367.3472,363.1728,358.9984,354.824,350.6496,346.4752,342.3008,338.1264,333.952,329.7776,325.6032,321.4288,317.2544,313.08,True,True,True,True,False,False,False,False,False,False,False,False,False,False,False,False,False,False,False,False,False,False,False,False,False
TSLA,2026-02-18,411.1099853515625,416.8999938964844,409.5799865722656,411.3200073242188,45921400,2026,2,7,Wednesday,412.2275,410.6300048828125,0.17,0.12,-0.26,0.17,0.26,0,0.0,406.5237,402.4174,398.3111,394.2048,390.0985,385.9922,381.8859,377.7796,373.6733,369.567,365.4607,361.3544,357.2481,353.1418,349.0355,344.9292,340.8229,336.7166,332.6103,328.504,324.3977,320.2914,316.1851,312.0788,307.9725,False,False,False,False,False,False,False,False,False,False,False,False,False,False,False,False,False,False,False,False,False,False,False,False,False
TSLA,2026-02-19,407.25,415.25,404.1099853515625,411.7099914550781,51019600,2026,2,7,Thursday,409.58,411.3200073242188,0.09,-0.99,-1.75,0.09,1.75,1,407.2068,407.2068,403.0936,398.9804,394.8672,390.754,386.6408,382.5276,378.4144,374.3012,370.188,366.0748,361.9616,357.8484,353.7352,349.622,345.5088,341.3956,337.2824,333.1692,329.056,324.9428,320.8296,316.7164,312.6032,308.49,True,False,False,False,False,False,False,False,False,False,False,False,False,False,False,False,False,False,False,False,False,False,False,False,False
TSLA,2026-02-20,408.2999877929688,414.7000122070313,405.5,411.8200073242188,57912200,2026,2,7,Friday,410.08,411.7099914550781,0.03,-0.83,-1.51,0.03,1.51,1,407.5929,407.5929,403.4758,399.3587,395.2416,391.1245,387.0074,382.8903,378.7732,374.6561,370.539,366.4219,362.3048,358.1877,354.0706,349.9535,345.8364,341.7193,337.6022,333.4851,329.368,325.2509,321.1338,317.0167,312.8996,308.7825,True,False,False,False,False,False,False,False,False,False,False,False,False,False,False,False,False,False,False,False,False,False,False,False,False
TSLA,2026-02-23,407.2900085449219,407.7000122070313,394.0400085449219,399.8299865722656,69680000,2026,2,8,Monday,402.215,411.8200073242188,-2.91,-1.1,-4.32,-2.91,4.32,4,1606.098,407.7018,403.5836,399.4654,395.3472,391.229,387.1108,382.9926,378.8744,374.7562,370.638,366.5198,362.4016,358.2834,354.1652,350.047,345.9288,341.8106,337.6924,333.5742,329.456,325.3378,321.2196,317.1014,312.9832,308.865,True,True,True,True,False,False,False,False,False,False,False,False,False,False,False,False,False,False,False,False,False,False,False,False,False
TSLA,2026-02-24,399.5,410.8200073242188,397.6400146484375,409.3800048828125,58579500,2026,2,8,Tuesday,404.335,399.8299865722656,2.39,-0.08,-0.55,2.39,0.55,0,0.0,395.8317,391.8334,387.8351,383.8368,379.8385,375.8402,371.8419,367.8436,363.8453,359.847,355.8487,351.8504,347.8521,343.8538,339.8555,335.8572,331.8589,327.8606,323.8623,319.864,315.8657,311.8674,307.8691,303.8708,299.8725,False,False,False,False,False,False,False,False,False,False,False,False,False,False,False,False,False,False,False,False,False,False,False,False,False
TSLA,2026-02-25,412.1499938964844,420.3399963378906,412.1499938964844,417.3999938964844,54809700,2026,2,8,Wednesday,415.51,409.3800048828125,1.96,0.68,0.68,1.96,-0.68,0,0.0,405.2862,401.1924,397.0986,393.0048,388.911,384.8172,380.7234,376.6296,372.5358,368.442,364.3482,360.2544,356.1606,352.0668,347.973,343.8792,339.7854,335.6916,331.5978,327.504,323.4102,319.3164,315.2226,311.1288,307.035,False,False,False,False,False,False,False,False,False,False,False,False,False,False,False,False,False,False,False,False,False,False,False,False,False
TSLA,2026-02-26,414.4200134277344,416.80999755859375,403.6600036621094,408.5799865722656,53602500,2026,2,8,Thursday,410.8675,417.3999938964844,-2.11,-0.71,-3.29,-2.11,3.29,3,1227.156,413.226,409.052,404.878,400.704,396.53,392.356,388.182,384.008,379.834,375.66,371.486,367.312,363.138,358.964,354.79,350.616,346.442,342.268,338.094,333.92,329.746,325.572,321.398,317.224,313.05,True,True,True,False,False,False,False,False,False,False,False,False,False,False,False,False,False,False,False,False,False,False,False,False,False
TSLA,2026-02-27,402.9400024414063,407.1199951171875,398.1099853515625,402.510009765625,56890100,2026,2,8,Friday,402.67,408.5799865722656,-1.49,-1.38,-2.56,-1.49,2.56,2,804.9026,404.4942,400.4084,396.3226,392.2368,388.151,384.0652,379.9794,375.8936,371.8078,367.722,363.6362,359.5504,355.4646,351.3788,347.293,343.2072,339.1214,335.0356,330.9498,326.864,322.7782,318.6924,314.6066,310.5208,306.435,True,True,False,False,False,False,False,False,False,False,False,False,False,False,False,False,False,False,False,False,False,False,False,False,False
TSLA,2026-03-02,390.6000061035156,404.5400085449219,388.25,403.3200073242188,55088300,2026,3,9,Monday,396.6775,402.510009765625,0.2,-2.96,-3.54,0.2,3.54,3,1183.3794,398.4849,394.4598,390.4347,386.4096,382.3845,378.3594,374.3343,370.3092,366.2841,362.259,358.2339,354.2088,350.1837,346.1586,342.1335,338.1084,334.0833,330.0582,326.0331,322.008,317.9829,313.9578,309.9327,305.9076,301.8825,True,True,True,False,False,False,False,False,False,False,False,False,False,False,False,False,False,False,False,False,False,False,False,False,False
TSLA,2026-03-03,395.0899963378906,396.3399963378906,385.3900146484375,392.4299926757813,62617300,2026,3,9,Tuesday,392.3125,403.3200073242188,-2.7,-2.04,-4.45,-2.7,4.45,4,1572.948,399.2868,395.2536,391.2204,387.1872,383.154,379.1208,375.0876,371.0544,367.0212,362.988,358.9548,354.9216,350.8884,346.8552,342.822,338.7888,334.7556,330.7224,326.6892,322.656,318.6228,314.5896,310.5564,306.5232,302.49,True,True,True,True,False,False,False,False,False,False,False,False,False,False,False,False,False,False,False,False,False,False,False,False,False
TSLA,2026-03-04,397.8500061035156,408.3299865722656,394.5799865722656,405.9400024414063,68305500,2026,3,9,Wednesday,401.675,392.4299926757813,3.44,1.38,0.55,3.44,-0.55,0,0.0,388.5057,384.5814,380.6571,376.7328,372.8085,368.8842,364.9599,361.0356,357.1113,353.187,349.2627,345.3384,341.4141,337.4898,333.5655,329.6412,325.7169,321.7926,317.8683,313.944,310.0197,306.0954,302.1711,298.2468,294.3225,False,False,False,False,False,False,False,False,False,False,False,False,False,False,False,False,False,False,False,False,False,False,False,False,False
TSLA,2026-03-05,401.5700073242188,408.6199951171875,399.4200134277344,405.5499877929688,51925900,2026,3,9,Thursday,403.79,405.9400024414063,-0.1,-1.08,-1.61,-0.1,1.61,1,401.8806,401.8806,397.8212,393.7618,389.7024,385.643,381.5836,377.5242,373.4648,369.4054,365.346,361.2866,357.2272,353.1678,349.1084,345.049,340.9896,336.9302,332.8708,328.8114,324.752,320.6926,316.6332,312.5738,308.5144,304.455,True,False,False,False,False,False,False,False,False,False,False,False,False,False,False,False,False,False,False,False,False,False,False,False,False
TSLA,2026-03-06,398.0899963378906,402.3500061035156,394.2099914550781,396.7300109863281,64054600,2026,3,9,Friday,397.845,405.5499877929688,-2.17,-1.84,-2.8,-2.17,2.8,2,798.9335,401.4945,397.439,393.3835,389.328,385.2725,381.217,377.1615,373.106,369.0505,364.995,360.9395,356.884,352.8285,348.773,344.7175,340.662,336.6065,332.551,328.4955,324.44,320.3845,316.329,312.2735,308.218,304.1625,True,True,False,False,False,False,False,False,False,False,False,False,False,False,False,False,False,False,False,False,False,False,False,False,False
TSLA,2026-03-09,390.0499877929688,401.5899963378906,381.3999938964844,398.6799926757813,67018900,2026,3,10,Monday,392.93,396.7300109863281,0.49,-1.68,-3.86,0.49,3.86,3,1166.3862,392.7627,388.7954,384.8281,380.8608,376.8935,372.9262,368.9589,364.9916,361.0243,357.057,353.0897,349.1224,345.1551,341.1878,337.2205,333.2532,329.2859,325.3186,321.3513,317.384,313.4167,309.4494,305.4821,301.5148,297.5475,True,True,True,False,False,False,False,False,False,False,False,False,False,False,False,False,False,False,False,False,False,False,False,False,False
TSLA,2026-03-10,402.2200012207031,406.5899963378906,398.1900024414063,399.239990234375,59258700,2026,3,10,Tuesday,401.56,398.6799926757813,0.14,0.89,-0.12,0.14,0.12,0,0.0,394.6932,390.7064,386.7196,382.7328,378.746,374.7592,370.7724,366.7856,362.7988,358.812,354.8252,350.8384,346.8516,342.8648,338.878,334.8912,330.9044,326.9176,322.9308,318.944,314.9572,310.9704,306.9836,302.9968,299.01,False,False,False,False,False,False,False,False,False,False,False,False,False,False,False,False,False,False,False,False,False,False,False,False,False
TSLA,2026-03-11,402.2799987792969,416.3800048828125,402.1499938964844,407.8200073242188,62559900,2026,3,10,Wednesday,407.1575,399.239990234375,2.15,0.76,0.73,2.15,-0.73,0,0.0,395.2476,391.2552,387.2628,383.2704,379.278,375.2856,371.2932,367.3008,363.3084,359.316,355.3236,351.3312,347.3388,343.3464,339.354,335.3616,331.3692,327.3768,323.3844,319.392,315.3996,311.4072,307.4148,303.4224,299.43,False,False,False,False,False,False,False,False,False,False,False,False,False,False,False,False,False,False,False,False,False,False,False,False,False
TSLA,2026-03-12,405.1799926757813,406.5,394.6499938964844,395.010009765625,60973800,2026,3,10,Thursday,400.335,407.8200073242188,-3.14,-0.65,-3.23,-3.14,3.23,3,1198.9908,403.7418,399.6636,395.5854,391.5072,387.429,383.3508,379.2726,375.1944,371.1162,367.038,362.9598,358.8816,354.8034,350.7252,346.647,342.5688,338.4906,334.4124,330.3342,326.256,322.1778,318.0996,314.0214,309.9432,305.865,True,True,True,False,False,False,False,False,False,False,False,False,False,False,False,False,False,False,False,False,False,False,False,False,False
TSLA,2026-03-13,399.1700134277344,400.2000122070313,389.9500122070313,391.2000122070313,58337700,2026,3,10,Friday,395.13,395.010009765625,-0.96,1.05,-1.28,-0.96,1.28,1,391.0599,391.0599,387.1098,383.1597,379.2096,375.2595,371.3094,367.3593,363.4092,359.4591,355.509,351.5589,347.6088,343.6587,339.7086,335.7585,331.8084,327.8583,323.9082,319.9581,316.008,312.0579,308.1078,304.1577,300.2076,296.2575,True,False,False,False,False,False,False,False,False,False,False,False,False,False,False,False,False,False,False,False,False,False,False,False,False
TSLA,2026-03-16,396.125,403.7300109863281,394.4200134277344,395.55999755859375,57799658,2026,3,11,Monday,397.4588,391.2000122070313,1.11,1.26,0.82,1.11,-0.82,0,0.0,387.288,383.376,379.464,375.552,371.64,367.728,363.816,359.904,355.992,352.08,348.168,344.256,340.344,336.432,332.52,328.608,324.696,320.784,316.872,312.96,309.048,305.136,301.224,297.312,293.4,False,False,False,False,False,False,False,False,False,False,False,False,False,False,False,False,False,False,False,False,False,False,False,False,False
