Symbol,Date,Open,High,Low,Close,Volume,Year,Month,Week,Weekday,avg_daily_price,Previous_Close,Daily_Gain_Loss_Pct,Open_vs_PrevClose_Pct,Low_vs_PrevClose_Pct,Close_vs_PrevClose_Pct,mx_percent_decline,Shares_Purchased,Total_Value_Purchased,BOD99-1,BOD98-2,BOD97-3,BOD96-4,BOD95-5,BOD94-6,BOD93-7,BOD92-8,BOD91-9,BOD90-10,BOD89-11,BOD88-12,BOD87-13,BOD86-14,BOD85-15,BOD84-16,BOD82-18,BOD81-19,BOD80-20,BOD79-21,BOD78-22,BOD77-23,BOD76-24,BOD75-25,BOD99-1_Executed,BOD98-2_Executed,BOD97-3_Executed,BOD96-4_Executed,BOD95-5_Executed,BOD94-6_Executed,BOD93-7_Executed,BOD92-8_Executed,BOD91-9_Executed,BOD90-10_Executed,BOD89-11_Executed,BOD88-12_Executed,BOD87-13_Executed,BOD86-14_Executed,BOD85-15_Executed,BOD84-16_Executed,BOD82-18_Executed,BOD81-19_Executed,BOD80-20_Executed,BOD79-21_Executed,BOD78-22_Executed,BOD77-23_Executed,BOD76-24_Executed,BOD75-25_Executed
QQUP,2025-06-12 04:00:00+00:00,39.68999862670898,40.09999847412109,39.68999862670898,39.93000030517578,5900,2025,6,23,Thursday,39.8525,,,,,,,0,,,,,,,,,,,,,,,,,,,,,,,,,,False,False,False,False,False,False,False,False,False,False,False,False,False,False,False,False,False,False,False,False,False,False,False,False
QQUP,2025-06-13 04:00:00+00:00,39.84000015258789,39.84000015258789,38.869998931884766,38.90999984741211,13900,2025,6,23,Friday,39.365,39.93000030517578,-2.55,-0.23,-2.65,-2.55,2.65,2,78.6621,39.5307,39.1314,38.7321,38.3328,37.9335,37.5342,37.1349,36.7356,36.3363,35.937,35.5377,35.1384,34.7391,34.3398,33.9405,33.5412,32.7426,32.3433,31.944,31.5447,31.1454,30.7461,30.3468,29.9475,True,True,False,False,False,False,False,False,False,False,False,False,False,False,False,False,False,False,False,False,False,False,False,False
QQUP,2025-06-16 04:00:00+00:00,39.66400146484375,40.209999084472656,39.66400146484375,40.042999267578125,6200,2025,6,24,Monday,39.8953,38.90999984741211,2.91,1.94,1.94,2.91,-1.94,0,0.0,38.5209,38.1318,37.7427,37.3536,36.9645,36.5754,36.1863,35.7972,35.4081,35.019,34.6299,34.2408,33.8517,33.4626,33.0735,32.6844,31.9062,31.5171,31.128,30.7389,30.3498,29.9607,29.5716,29.1825,False,False,False,False,False,False,False,False,False,False,False,False,False,False,False,False,False,False,False,False,False,False,False,False
QQUP,2025-06-17 04:00:00+00:00,40.040000915527344,40.119998931884766,39.415000915527344,39.52999877929688,7700,2025,6,24,Tuesday,39.7762,40.042999267578125,-1.28,-0.01,-1.57,-1.28,1.57,1,39.6426,39.6426,39.2421,38.8417,38.4413,38.0408,37.6404,37.24,36.8396,36.4391,36.0387,35.6383,35.2378,34.8374,34.437,34.0365,33.6361,32.8353,32.4348,32.0344,31.634,31.2335,30.8331,30.4327,30.0322,True,False,False,False,False,False,False,False,False,False,False,False,False,False,False,False,False,False,False,False,False,False,False,False
QQUP,2025-06-18 04:00:00+00:00,39.41600036621094,40.275001525878906,39.41600036621094,39.630001068115234,14200,2025,6,24,Wednesday,39.6843,39.52999877929688,0.25,-0.29,-0.29,0.25,0.29,0,0.0,39.1347,38.7394,38.3441,37.9488,37.5535,37.1582,36.7629,36.3676,35.9723,35.577,35.1817,34.7864,34.3911,33.9958,33.6005,33.2052,32.4146,32.0193,31.624,31.2287,30.8334,30.4381,30.0428,29.6475,False,False,False,False,False,False,False,False,False,False,False,False,False,False,False,False,False,False,False,False,False,False,False,False
QQUP,2025-06-20 04:00:00+00:00,39.99800109863281,40.150001525878906,38.80500030517578,39.36000061035156,24700,2025,6,24,Friday,39.5783,39.630001068115234,-0.68,0.93,-2.08,-0.68,2.08,2,78.0711,39.2337,38.8374,38.4411,38.0448,37.6485,37.2522,36.8559,36.4596,36.0633,35.667,35.2707,34.8744,34.4781,34.0818,33.6855,33.2892,32.4966,32.1003,31.704,31.3077,30.9114,30.5151,30.1188,29.7225,True,True,False,False,False,False,False,False,False,False,False,False,False,False,False,False,False,False,False,False,False,False,False,False
QQUP,2025-06-23 04:00:00+00:00,39.5,40.0,38.869998931884766,40.0,14300,2025,6,25,Monday,39.5925,39.36000061035156,1.63,0.36,-1.24,1.63,1.24,1,38.9664,38.9664,38.5728,38.1792,37.7856,37.392,36.9984,36.6048,36.2112,35.8176,35.424,35.0304,34.6368,34.2432,33.8496,33.456,33.0624,32.2752,31.8816,31.488,31.0944,30.7008,30.3072,29.9136,29.52,True,False,False,False,False,False,False,False,False,False,False,False,False,False,False,False,False,False,False,False,False,False,False,False
QQUP,2025-06-24 04:00:00+00:00,41.0,41.2599983215332,40.63999938964844,41.2599983215332,20400,2025,6,25,Tuesday,41.04,40.0,3.15,2.5,1.6,3.15,-1.6,0,0.0,39.6,39.2,38.8,38.4,38.0,37.6,37.2,36.8,36.4,36.0,35.6,35.2,34.8,34.4,34.0,33.6,32.8,32.4,32.0,31.6,31.2,30.8,30.4,30.0,False,False,False,False,False,False,False,False,False,False,False,False,False,False,False,False,False,False,False,False,False,False,False,False
QQUP,2025-06-25 04:00:00+00:00,41.470001220703125,41.821998596191406,41.41999816894531,41.70000076293945,39000,2025,6,25,Wednesday,41.603,41.2599983215332,1.07,0.51,0.39,1.07,-0.39,0,0.0,40.8474,40.4348,40.0222,39.6096,39.197,38.7844,38.3718,37.9592,37.5466,37.134,36.7214,36.3088,35.8962,35.4836,35.071,34.6584,33.8332,33.4206,33.008,32.5954,32.1828,31.7702,31.3576,30.945,False,False,False,False,False,False,False,False,False,False,False,False,False,False,False,False,False,False,False,False,False,False,False,False
QQUP,2025-06-26 04:00:00+00:00,42.130001068115234,43.040000915527344,41.66999816894531,43.040000915527344,54700,2025,6,25,Thursday,42.47,41.70000076293945,3.21,1.03,-0.07,3.21,0.07,0,0.0,41.283,40.866,40.449,40.032,39.615,39.198,38.781,38.364,37.947,37.53,37.113,36.696,36.279,35.862,35.445,35.028,34.194,33.777,33.36,32.943,32.526,32.109,31.692,31.275,False,False,False,False,False,False,False,False,False,False,False,False,False,False,False,False,False,False,False,False,False,False,False,False
QQUP,2025-06-27 04:00:00+00:00,42.88999938964844,43.29999923706055,42.27999877929688,43.290000915527344,27500,2025,6,25,Friday,42.94,43.040000915527344,0.58,-0.35,-1.77,0.58,1.77,1,42.6096,42.6096,42.1792,41.7488,41.3184,40.888,40.4576,40.0272,39.5968,39.1664,38.736,38.3056,37.8752,37.4448,37.0144,36.584,36.1536,35.2928,34.8624,34.432,34.0016,33.5712,33.1408,32.7104,32.28,True,False,False,False,False,False,False,False,False,False,False,False,False,False,False,False,False,False,False,False,False,False,False,False
QQUP,2025-06-30 04:00:00+00:00,43.880001068115234,43.9900016784668,43.02000045776367,43.88999938964844,10700,2025,6,26,Monday,43.695,43.290000915527344,1.39,1.36,-0.62,1.39,0.62,0,0.0,42.8571,42.4242,41.9913,41.5584,41.1255,40.6926,40.2597,39.8268,39.3939,38.961,38.5281,38.0952,37.6623,37.2294,36.7965,36.3636,35.4978,35.0649,34.632,34.1991,33.7662,33.3333,32.9004,32.4675,False,False,False,False,False,False,False,False,False,False,False,False,False,False,False,False,False,False,False,False,False,False,False,False
QQUP,2025-07-01 04:00:00+00:00,43.459999084472656,43.459999084472656,42.0,43.04999923706055,12600,2025,7,26,Tuesday,42.9925,43.88999938964844,-1.91,-0.98,-4.31,-1.91,4.31,4,171.171,43.4511,43.0122,42.5733,42.1344,41.6955,41.2566,40.8177,40.3788,39.9399,39.501,39.0621,38.6232,38.1843,37.7454,37.3065,36.8676,35.9898,35.5509,35.112,34.6731,34.2342,33.7953,33.3564,32.9175,True,True,True,True,False,False,False,False,False,False,False,False,False,False,False,False,False,False,False,False,False,False,False,False
QQUP,2025-07-02 04:00:00+00:00,42.66999816894531,43.20000076293945,42.61299896240234,42.75,21000,2025,7,26,Wednesday,42.8082,43.04999923706055,-0.7,-0.88,-1.02,-0.7,1.02,1,42.6195,42.6195,42.189,41.7585,41.328,40.8975,40.467,40.0365,39.606,39.1755,38.745,38.3145,37.884,37.4535,37.023,36.5925,36.162,35.301,34.8705,34.44,34.0095,33.579,33.1485,32.718,32.2875,True,False,False,False,False,False,False,False,False,False,False,False,False,False,False,False,False,False,False,False,False,False,False,False
QQUP,2025-07-03 04:00:00+00:00,43.959999084472656,44.35100173950195,43.68000030517578,44.290000915527344,12800,2025,7,26,Thursday,44.0703,42.75,3.6,2.83,2.18,3.6,-2.18,0,0.0,42.3225,41.895,41.4675,41.04,40.6125,40.185,39.7575,39.33,38.9025,38.475,38.0475,37.62,37.1925,36.765,36.3375,35.91,35.055,34.6275,34.2,33.7725,33.345,32.9175,32.49,32.0625,False,False,False,False,False,False,False,False,False,False,False,False,False,False,False,False,False,False,False,False,False,False,False,False
QQUP,2025-07-07 04:00:00+00:00,43.470001220703125,43.84000015258789,43.27000045776367,43.38999938964844,14100,2025,7,27,Monday,43.4925,44.290000915527344,-2.03,-1.85,-2.3,-2.03,2.3,2,87.2513,43.8471,43.4042,42.9613,42.5184,42.0755,41.6326,41.1897,40.7468,40.3039,39.861,39.4181,38.9752,38.5323,38.0894,37.6465,37.2036,36.3178,35.8749,35.432,34.9891,34.5462,34.1033,33.6604,33.2175,True,True,False,False,False,False,False,False,False,False,False,False,False,False,False,False,False,False,False,False,False,False,False,False
QQUP,2025-07-08 04:00:00+00:00,43.47499847412109,43.47499847412109,43.16600036621094,43.25,15900,2025,7,27,Tuesday,43.3415,43.38999938964844,-0.32,0.2,-0.52,-0.32,0.52,0,0.0,42.9561,42.5222,42.0883,41.6544,41.2205,40.7866,40.3527,39.9188,39.4849,39.051,38.6171,38.1832,37.7493,37.3154,36.8815,36.4476,35.5798,35.1459,34.712,34.2781,33.8442,33.4103,32.9764,32.5425,False,False,False,False,False,False,False,False,False,False,False,False,False,False,False,False,False,False,False,False,False,False,False,False
QQUP,2025-07-09 04:00:00+00:00,43.96500015258789,44.61000061035156,43.93999862670898,44.34999847412109,6400,2025,7,27,Wednesday,44.2162,43.25,2.54,1.65,1.6,2.54,-1.6,0,0.0,42.8175,42.385,41.9525,41.52,41.0875,40.655,40.2225,39.79,39.3575,38.925,38.4925,38.06,37.6275,37.195,36.7625,36.33,35.465,35.0325,34.6,34.1675,33.735,33.3025,32.87,32.4375,False,False,False,False,False,False,False,False,False,False,False,False,False,False,False,False,False,False,False,False,False,False,False,False
QQUP,2025-07-10 04:00:00+00:00,44.47999954223633,44.66999816894531,43.77000045776367,44.619998931884766,20600,2025,7,27,Thursday,44.385,44.34999847412109,0.61,0.29,-1.31,0.61,1.31,1,43.9065,43.9065,43.463,43.0195,42.576,42.1325,41.689,41.2455,40.802,40.3585,39.915,39.4715,39.028,38.5845,38.141,37.6975,37.254,36.367,35.9235,35.48,35.0365,34.593,34.1495,33.706,33.2625,True,False,False,False,False,False,False,False,False,False,False,False,False,False,False,False,False,False,False,False,False,False,False,False
QQUP,2025-07-11 04:00:00+00:00,44.375,45.130001068115234,44.375,44.77000045776367,21900,2025,7,27,Friday,44.6625,44.619998931884766,0.34,-0.55,-0.55,0.34,0.55,0,0.0,44.1738,43.7276,43.2814,42.8352,42.389,41.9428,41.4966,41.0504,40.6042,40.158,39.7118,39.2656,38.8194,38.3732,37.927,37.4808,36.5884,36.1422,35.696,35.2498,34.8036,34.3574,33.9112,33.465,False,False,False,False,False,False,False,False,False,False,False,False,False,False,False,False,False,False,False,False,False,False,False,False
QQUP,2025-07-14 04:00:00+00:00,44.59999847412109,44.95000076293945,44.35900115966797,44.95000076293945,15900,2025,7,28,Monday,44.7148,44.77000045776367,0.4,-0.38,-0.92,0.4,0.92,0,0.0,44.3223,43.8746,43.4269,42.9792,42.5315,42.0838,41.6361,41.1884,40.7407,40.293,39.8453,39.3976,38.9499,38.5022,38.0545,37.6068,36.7114,36.2637,35.816,35.3683,34.9206,34.4729,34.0252,33.5775,False,False,False,False,False,False,False,False,False,False,False,False,False,False,False,False,False,False,False,False,False,False,False,False
QQUP,2025-07-15 04:00:00+00:00,45.84999847412109,46.15999984741211,45.709999084472656,45.9900016784668,22000,2025,7,28,Tuesday,45.9275,44.95000076293945,2.31,2.0,1.69,2.31,-1.69,0,0.0,44.5005,44.051,43.6015,43.152,42.7025,42.253,41.8035,41.354,40.9045,40.455,40.0055,39.556,39.1065,38.657,38.2075,37.758,36.859,36.4095,35.96,35.5105,35.061,34.6115,34.162,33.7125,False,False,False,False,False,False,False,False,False,False,False,False,False,False,False,False,False,False,False,False,False,False,False,False
QQUP,2025-07-16 04:00:00+00:00,45.93999862670898,45.959999084472656,44.9900016784668,45.76900100708008,57000,2025,7,28,Wednesday,45.6648,45.9900016784668,-0.48,-0.11,-2.17,-0.48,2.17,2,90.6003,45.5301,45.0702,44.6103,44.1504,43.6905,43.2306,42.7707,42.3108,41.8509,41.391,40.9311,40.4712,40.0113,39.5514,39.0915,38.6316,37.7118,37.2519,36.792,36.3321,35.8722,35.4123,34.9524,34.4925,True,True,False,False,False,False,False,False,False,False,False,False,False,False,False,False,False,False,False,False,False,False,False,False
QQUP,2025-07-17 04:00:00+00:00,45.7599983215332,46.59999847412109,45.7599983215332,46.380001068115234,11000,2025,7,28,Thursday,46.125,45.76900100708008,1.33,-0.02,-0.02,1.33,0.02,0,0.0,45.3113,44.8536,44.3959,43.9382,43.4806,43.0229,42.5652,42.1075,41.6498,41.1921,40.7344,40.2767,39.819,39.3613,38.9037,38.446,37.5306,37.0729,36.6152,36.1575,35.6998,35.2421,34.7844,34.3268,False,False,False,False,False,False,False,False,False,False,False,False,False,False,False,False,False,False,False,False,False,False,False,False
QQUP,2025-07-18 04:00:00+00:00,48.4900016784668,48.4900016784668,46.150001525878906,46.49599838256836,16600,2025,7,28,Friday,47.4065,46.380001068115234,0.25,4.55,-0.5,0.25,0.5,0,0.0,45.9162,45.4524,44.9886,44.5248,44.061,43.5972,43.1334,42.6696,42.2058,41.742,41.2782,40.8144,40.3506,39.8868,39.423,38.9592,38.0316,37.5678,37.104,36.6402,36.1764,35.7126,35.2488,34.785,False,False,False,False,False,False,False,False,False,False,False,False,False,False,False,False,False,False,False,False,False,False,False,False
QQUP,2025-07-21 04:00:00+00:00,47.310001373291016,47.5,47.119998931884766,47.5,29400,2025,7,29,Monday,47.3575,46.49599838256836,2.16,1.75,1.34,2.16,-1.34,0,0.0,46.031,45.5661,45.1011,44.6362,44.1712,43.7062,43.2413,42.7763,42.3114,41.8464,41.3814,40.9165,40.4515,39.9866,39.5216,39.0566,38.1267,37.6618,37.1968,36.7318,36.2669,35.8019,35.337,34.872,False,False,False,False,False,False,False,False,False,False,False,False,False,False,False,False,False,False,False,False,False,False,False,False
QQUP,2025-07-22 04:00:00+00:00,47.5,47.5,45.92499923706055,46.803001403808594,33100,2025,7,29,Tuesday,46.932,47.5,-1.47,0.0,-3.32,-1.47,3.32,3,139.65,47.025,46.55,46.075,45.6,45.125,44.65,44.175,43.7,43.225,42.75,42.275,41.8,41.325,40.85,40.375,39.9,38.95,38.475,38.0,37.525,37.05,36.575,36.1,35.625,True,True,True,False,False,False,False,False,False,False,False,False,False,False,False,False,False,False,False,False,False,False,False,False
QQUP,2025-07-23 04:00:00+00:00,46.58700180053711,46.95000076293945,46.18000030517578,46.83599853515625,20300,2025,7,29,Wednesday,46.6383,46.803001403808594,0.07,-0.46,-1.33,0.07,1.33,1,46.335,46.335,45.8669,45.3989,44.9309,44.4629,43.9948,43.5268,43.0588,42.5907,42.1227,41.6547,41.1866,40.7186,40.2506,39.7826,39.3145,38.3785,37.9104,37.4424,36.9744,36.5063,36.0383,35.5703,35.1023,True,False,False,False,False,False,False,False,False,False,False,False,False,False,False,False,False,False,False,False,False,False,False,False
QQUP,2025-07-24 04:00:00+00:00,47.39500045776367,47.757999420166016,47.16999816894531,47.58100128173828,40900,2025,7,29,Thursday,47.476,46.83599853515625,1.59,1.19,0.71,1.59,-0.71,0,0.0,46.3676,45.8993,45.4309,44.9626,44.4942,44.0258,43.5575,43.0891,42.6208,42.1524,41.684,41.2157,40.7473,40.279,39.8106,39.3422,38.4055,37.9372,37.4688,37.0004,36.5321,36.0637,35.5954,35.127,False,False,False,False,False,False,False,False,False,False,False,False,False,False,False,False,False,False,False,False,False,False,False,False
QQUP,2025-07-25 04:00:00+00:00,47.59999847412109,48.150001525878906,47.367000579833984,47.73500061035156,25600,2025,7,29,Friday,47.713,47.58100128173828,0.32,0.04,-0.45,0.32,0.45,0,0.0,47.1052,46.6294,46.1536,45.6778,45.202,44.7261,44.2503,43.7745,43.2987,42.8229,42.3471,41.8713,41.3955,40.9197,40.4439,39.968,39.0164,38.5406,38.0648,37.589,37.1132,36.6374,36.1616,35.6858,False,False,False,False,False,False,False,False,False,False,False,False,False,False,False,False,False,False,False,False,False,False,False,False
QQUP,2025-07-28 04:00:00+00:00,48.53900146484375,48.619998931884766,47.93999862670898,48.619998931884766,34800,2025,7,30,Monday,48.4297,47.73500061035156,1.85,1.68,0.43,1.85,-0.43,0,0.0,47.2577,46.7803,46.303,45.8256,45.3483,44.8709,44.3936,43.9162,43.4389,42.9615,42.4842,42.0068,41.5295,41.0521,40.5748,40.0974,39.1427,38.6654,38.188,37.7107,37.2333,36.756,36.2786,35.8013,False,False,False,False,False,False,False,False,False,False,False,False,False,False,False,False,False,False,False,False,False,False,False,False
QQUP,2025-07-29 04:00:00+00:00,48.869998931884766,49.130001068115234,47.81999969482422,48.03499984741211,35500,2025,7,30,Tuesday,48.4637,48.619998931884766,-1.2,0.51,-1.65,-1.2,1.65,1,48.1338,48.1338,47.6476,47.1614,46.6752,46.189,45.7028,45.2166,44.7304,44.2442,43.758,43.2718,42.7856,42.2994,41.8132,41.327,40.8408,39.8684,39.3822,38.896,38.4098,37.9236,37.4374,36.9512,36.465,True,False,False,False,False,False,False,False,False,False,False,False,False,False,False,False,False,False,False,False,False,False,False,False
QQUP,2025-07-30 04:00:00+00:00,48.40999984741211,51.150001525878906,47.86000061035156,48.29499816894531,29200,2025,7,30,Wednesday,48.9288,48.03499984741211,0.54,0.78,-0.36,0.54,0.36,0,0.0,47.5546,47.0743,46.5939,46.1136,45.6332,45.1529,44.6725,44.1922,43.7118,43.2315,42.7511,42.2708,41.7904,41.3101,40.8297,40.3494,39.3887,38.9083,38.428,37.9476,37.4673,36.9869,36.5066,36.0262,False,False,False,False,False,False,False,False,False,False,False,False,False,False,False,False,False,False,False,False,False,False,False,False
QQUP,2025-07-31 04:00:00+00:00,51.36000061035156,51.36000061035156,48.900001525878906,49.18999862670898,43500,2025,7,30,Thursday,50.2025,48.29499816894531,1.85,6.35,1.25,1.85,-1.25,0,0.0,47.812,47.3291,46.8461,46.3632,45.8802,45.3973,44.9143,44.4314,43.9484,43.4655,42.9825,42.4996,42.0166,41.5337,41.0507,40.5678,39.6019,39.1189,38.636,38.153,37.6701,37.1871,36.7042,36.2212,False,False,False,False,False,False,False,False,False,False,False,False,False,False,False,False,False,False,False,False,False,False,False,False
QQUP,2025-08-01 04:00:00+00:00,47.959999084472656,47.959999084472656,45.92100143432617,46.41999816894531,63700,2025,8,30,Friday,47.0652,49.18999862670898,-5.63,-2.5,-6.65,-5.63,6.65,6,284.8101,48.6981,48.2062,47.7143,47.2224,46.7305,46.2386,45.7467,45.2548,44.7629,44.271,43.7791,43.2872,42.7953,42.3034,41.8115,41.3196,40.3358,39.8439,39.352,38.8601,38.3682,37.8763,37.3844,36.8925,True,True,True,True,True,True,False,False,False,False,False,False,False,False,False,False,False,False,False,False,False,False,False,False
QQUP,2025-08-04 04:00:00+00:00,47.27000045776367,48.290000915527344,47.27000045776367,48.27999877929688,34600,2025,8,31,Monday,47.7775,46.41999816894531,4.01,1.83,1.83,4.01,-1.83,0,0.0,45.9558,45.4916,45.0274,44.5632,44.099,43.6348,43.1706,42.7064,42.2422,41.778,41.3138,40.8496,40.3854,39.9212,39.457,38.9928,38.0644,37.6002,37.136,36.6718,36.2076,35.7434,35.2792,34.815,False,False,False,False,False,False,False,False,False,False,False,False,False,False,False,False,False,False,False,False,False,False,False,False
QQUP,2025-08-05 04:00:00+00:00,48.02999877929688,49.02999877929688,47.38999938964844,47.52000045776367,30800,2025,8,31,Tuesday,47.9925,48.27999877929688,-1.57,-0.52,-1.84,-1.57,1.84,1,47.7972,47.7972,47.3144,46.8316,46.3488,45.866,45.3832,44.9004,44.4176,43.9348,43.452,42.9692,42.4864,42.0036,41.5208,41.038,40.5552,39.5896,39.1068,38.624,38.1412,37.6584,37.1756,36.6928,36.21,True,False,False,False,False,False,False,False,False,False,False,False,False,False,False,False,False,False,False,False,False,False,False,False
QQUP,2025-08-06 04:00:00+00:00,47.79999923706055,49.400001525878906,47.52999877929688,49.20000076293945,24000,2025,8,31,Wednesday,48.4825,47.52000045776367,3.54,0.59,0.02,3.54,-0.02,0,0.0,47.0448,46.5696,46.0944,45.6192,45.144,44.6688,44.1936,43.7184,43.2432,42.768,42.2928,41.8176,41.3424,40.8672,40.392,39.9168,38.9664,38.4912,38.016,37.5408,37.0656,36.5904,36.1152,35.64,False,False,False,False,False,False,False,False,False,False,False,False,False,False,False,False,False,False,False,False,False,False,False,False
QQUP,2025-08-07 04:00:00+00:00,50.18000030517578,50.650001525878906,49.0,49.6619987487793,42400,2025,8,31,Thursday,49.873,49.20000076293945,0.94,1.99,-0.41,0.94,0.41,0,0.0,48.708,48.216,47.724,47.232,46.74,46.248,45.756,45.264,44.772,44.28,43.788,43.296,42.804,42.312,41.82,41.328,40.344,39.852,39.36,38.868,38.376,37.884,37.392,36.9,False,False,False,False,False,False,False,False,False,False,False,False,False,False,False,False,False,False,False,False,False,False,False,False
QQUP,2025-08-08 04:00:00+00:00,50.16999816894531,51.20000076293945,49.93000030517578,51.20000076293945,47600,2025,8,31,Friday,50.625,49.6619987487793,3.1,1.02,0.54,3.1,-0.54,0,0.0,49.1654,48.6688,48.1721,47.6755,47.1789,46.6823,46.1857,45.689,45.1924,44.6958,44.1992,43.7026,43.2059,42.7093,42.2127,41.7161,40.7228,40.2262,39.7296,39.233,38.7364,38.2397,37.7431,37.2465,False,False,False,False,False,False,False,False,False,False,False,False,False,False,False,False,False,False,False,False,False,False,False,False
QQUP,2025-08-11 04:00:00+00:00,51.20000076293945,51.77000045776367,50.63999938964844,50.79899978637695,19900,2025,8,32,Monday,51.1023,51.20000076293945,-0.78,0.0,-1.09,-0.78,1.09,1,50.688,50.688,50.176,49.664,49.152,48.64,48.128,47.616,47.104,46.592,46.08,45.568,45.056,44.544,44.032,43.52,43.008,41.984,41.472,40.96,40.448,39.936,39.424,38.912,38.4,True,False,False,False,False,False,False,False,False,False,False,False,False,False,False,False,False,False,False,False,False,False,False,False
QQUP,2025-08-12 04:00:00+00:00,51.56999969482422,52.5,51.0,52.30799865722656,28000,2025,8,32,Tuesday,51.8445,50.79899978637695,2.97,1.52,0.4,2.97,-0.4,0,0.0,50.291,49.783,49.275,48.767,48.259,47.7511,47.2431,46.7351,46.2271,45.7191,45.2111,44.7031,44.1951,43.6871,43.1791,42.6712,41.6552,41.1472,40.6392,40.1312,39.6232,39.1152,38.6072,38.0992,False,False,False,False,False,False,False,False,False,False,False,False,False,False,False,False,False,False,False,False,False,False,False,False
QQUP,2025-08-13 04:00:00+00:00,52.66999816894531,52.86000061035156,51.5099983215332,51.970001220703125,35900,2025,8,32,Wednesday,52.2525,52.30799865722656,-0.65,0.69,-1.53,-0.65,1.53,1,51.7849,51.7849,51.2618,50.7388,50.2157,49.6926,49.1695,48.6464,48.1234,47.6003,47.0772,46.5541,46.031,45.508,44.9849,44.4618,43.9387,42.8926,42.3695,41.8464,41.3233,40.8002,40.2772,39.7541,39.231,True,False,False,False,False,False,False,False,False,False,False,False,False,False,False,False,False,False,False,False,False,False,False,False
QQUP,2025-08-14 04:00:00+00:00,51.54999923706055,52.525001525878906,50.400001525878906,52.32500076293945,37200,2025,8,32,Thursday,51.7,51.970001220703125,0.68,-0.81,-3.02,0.68,3.02,3,152.7918,51.4503,50.9306,50.4109,49.8912,49.3715,48.8518,48.3321,47.8124,47.2927,46.773,46.2533,45.7336,45.2139,44.6942,44.1745,43.6548,42.6154,42.0957,41.576,41.0563,40.5366,40.0169,39.4972,38.9775,True,True,True,False,False,False,False,False,False,False,False,False,False,False,False,False,False,False,False,False,False,False,False,False
QQUP,2025-08-15 04:00:00+00:00,52.619998931884766,53.130001068115234,51.3849983215332,51.66600036621094,20900,2025,8,32,Friday,52.2002,52.32500076293945,-1.26,0.56,-1.8,-1.26,1.8,1,51.8018,51.8018,51.2785,50.7553,50.232,49.7088,49.1855,48.6623,48.139,47.6158,47.0925,46.5693,46.046,45.5228,44.9995,44.4763,43.953,42.9065,42.3833,41.86,41.3368,40.8135,40.2903,39.767,39.2438,True,False,False,False,False,False,False,False,False,False,False,False,False,False,False,False,False,False,False,False,False,False,False,False
QQUP,2025-08-18 04:00:00+00:00,51.22999954223633,52.0,51.09999847412109,51.60599899291992,44500,2025,8,33,Monday,51.484,51.66600036621094,-0.12,-0.84,-1.1,-0.12,1.1,1,51.1493,51.1493,50.6327,50.116,49.5994,49.0827,48.566,48.0494,47.5327,47.0161,46.4994,45.9827,45.4661,44.9494,44.4328,43.9161,43.3994,42.3661,41.8495,41.3328,40.8161,40.2995,39.7828,39.2662,38.7495,True,False,False,False,False,False,False,False,False,False,False,False,False,False,False,False,False,False,False,False,False,False,False,False
QQUP,2025-08-19 04:00:00+00:00,51.27999877929688,51.27999877929688,49.40800094604492,49.56999969482422,35300,2025,8,33,Tuesday,50.3845,51.60599899291992,-3.95,-0.63,-4.26,-3.95,4.26,4,201.2634,51.0899,50.5739,50.0578,49.5418,49.0257,48.5096,47.9936,47.4775,46.9615,46.4454,45.9293,45.4133,44.8972,44.3812,43.8651,43.349,42.3169,41.8009,41.2848,40.7687,40.2527,39.7366,39.2206,38.7045,True,True,True,True,False,False,False,False,False,False,False,False,False,False,False,False,False,False,False,False,False,False,False,False
QQUP,2025-08-20 04:00:00+00:00,49.43000030517578,49.43000030517578,47.27000045776367,48.527000427246094,32800,2025,8,33,Wednesday,48.6643,49.56999969482422,-2.1,-0.28,-4.64,-2.1,4.64,4,193.323,49.0743,48.5786,48.0829,47.5872,47.0915,46.5958,46.1001,45.6044,45.1087,44.613,44.1173,43.6216,43.1259,42.6302,42.1345,41.6388,40.6474,40.1517,39.656,39.1603,38.6646,38.1689,37.6732,37.1775,True,True,True,True,False,False,False,False,False,False,False,False,False,False,False,False,False,False,False,False,False,False,False,False
QQUP,2025-08-21 04:00:00+00:00,48.43000030517578,48.619998931884766,47.79999923706055,48.05400085449219,13400,2025,8,33,Thursday,48.226,48.527000427246094,-0.97,-0.2,-1.5,-0.97,1.5,1,48.0417,48.0417,47.5565,47.0712,46.5859,46.1007,45.6154,45.1301,44.6448,44.1596,43.6743,43.189,42.7038,42.2185,41.7332,41.248,40.7627,39.7921,39.3069,38.8216,38.3363,37.8511,37.3658,36.8805,36.3953,True,False,False,False,False,False,False,False,False,False,False,False,False,False,False,False,False,False,False,False,False,False,False,False
QQUP,2025-08-22 04:00:00+00:00,48.40999984741211,50.43000030517578,48.18000030517578,50.13399887084961,58900,2025,8,33,Friday,49.2885,48.05400085449219,4.33,0.74,0.26,4.33,-0.26,0,0.0,47.5735,47.0929,46.6124,46.1318,45.6513,45.1708,44.6902,44.2097,43.7291,43.2486,42.7681,42.2875,41.807,41.3264,40.8459,40.3654,39.4043,38.9237,38.4432,37.9627,37.4821,37.0016,36.521,36.0405,False,False,False,False,False,False,False,False,False,False,False,False,False,False,False,False,False,False,False,False,False,False,False,False
QQUP,2025-08-25 04:00:00+00:00,50.130001068115234,50.88999938964844,49.49300003051758,50.29399871826172,33900,2025,8,34,Monday,50.2017,50.13399887084961,0.32,-0.01,-1.28,0.32,1.28,1,49.6327,49.6327,49.1313,48.63,48.1286,47.6273,47.126,46.6246,46.1233,45.6219,45.1206,44.6193,44.1179,43.6166,43.1152,42.6139,42.1126,41.1099,40.6085,40.1072,39.6059,39.1045,38.6032,38.1018,37.6005,True,False,False,False,False,False,False,False,False,False,False,False,False,False,False,False,False,False,False,False,False,False,False,False
QQUP,2025-08-26 04:00:00+00:00,50.290000915527344,50.68899917602539,49.777000427246094,50.68899917602539,32200,2025,8,34,Tuesday,50.3612,50.29399871826172,0.79,-0.01,-1.03,0.79,1.03,1,49.7911,49.7911,49.2881,48.7852,48.2822,47.7793,47.2764,46.7734,46.2705,45.7675,45.2646,44.7617,44.2587,43.7558,43.2528,42.7499,42.247,41.2411,40.7381,40.2352,39.7323,39.2293,38.7264,38.2234,37.7205,True,False,False,False,False,False,False,False,False,False,False,False,False,False,False,False,False,False,False,False,False,False,False,False
QQUP,2025-08-27 04:00:00+00:00,50.40999984741211,51.040000915527344,50.209999084472656,50.99800109863281,13400,2025,8,34,Wednesday,50.6645,50.68899917602539,0.61,-0.55,-0.94,0.61,0.94,0,0.0,50.1821,49.6752,49.1683,48.6614,48.1545,47.6477,47.1408,46.6339,46.127,45.6201,45.1132,44.6063,44.0994,43.5925,43.0856,42.5788,41.565,41.0581,40.5512,40.0443,39.5374,39.0305,38.5236,38.0167,False,False,False,False,False,False,False,False,False,False,False,False,False,False,False,False,False,False,False,False,False,False,False,False
QQUP,2025-08-28 04:00:00+00:00,51.470001220703125,51.887001037597656,51.01499938964844,51.69599914550781,18300,2025,8,34,Thursday,51.517,50.99800109863281,1.37,0.93,0.03,1.37,-0.03,0,0.0,50.488,49.978,49.4681,48.9581,48.4481,47.9381,47.4281,46.9182,46.4082,45.8982,45.3882,44.8782,44.3683,43.8583,43.3483,42.8383,41.8184,41.3084,40.7984,40.2884,39.7784,39.2685,38.7585,38.2485,False,False,False,False,False,False,False,False,False,False,False,False,False,False,False,False,False,False,False,False,False,False,False,False
QQUP,2025-08-29 04:00:00+00:00,51.31999969482422,51.31999969482422,49.63999938964844,49.8849983215332,54700,2025,8,34,Friday,50.5412,51.69599914550781,-3.5,-0.73,-3.98,-3.5,3.98,3,151.9862,51.179,50.6621,50.1451,49.6282,49.1112,48.5942,48.0773,47.5603,47.0434,46.5264,46.0094,45.4925,44.9755,44.4586,43.9416,43.4246,42.3907,41.8738,41.3568,40.8398,40.3229,39.8059,39.289,38.772,True,True,True,False,False,False,False,False,False,False,False,False,False,False,False,False,False,False,False,False,False,False,False,False
QQUP,2025-09-02 04:00:00+00:00,47.93000030517578,49.08000183105469,47.64899826049805,49.060001373291016,44000,2025,9,35,Tuesday,48.4298,49.8849983215332,-1.65,-3.92,-4.48,-1.65,4.48,4,194.5515,49.3861,48.8873,48.3884,47.8896,47.3907,46.8919,46.393,45.8942,45.3953,44.8965,44.3976,43.8988,43.3999,42.9011,42.4022,41.9034,40.9057,40.4068,39.908,39.4091,38.9103,38.4114,37.9126,37.4137,True,True,True,True,False,False,False,False,False,False,False,False,False,False,False,False,False,False,False,False,False,False,False,False
QQUP,2025-09-03 04:00:00+00:00,50.22100067138672,51.09999847412109,50.20000076293945,50.78499984741211,23000,2025,9,35,Wednesday,50.5765,49.060001373291016,3.52,2.37,2.32,3.52,-2.32,0,0.0,48.5694,48.0788,47.5882,47.0976,46.607,46.1164,45.6258,45.1352,44.6446,44.154,43.6634,43.1728,42.6822,42.1916,41.701,41.2104,40.2292,39.7386,39.248,38.7574,38.2668,37.7762,37.2856,36.795,False,False,False,False,False,False,False,False,False,False,False,False,False,False,False,False,False,False,False,False,False,False,False,False
QQUP,2025-09-04 04:00:00+00:00,50.84999847412109,52.060001373291016,50.84999847412109,51.994998931884766,28300,2025,9,35,Thursday,51.4387,50.78499984741211,2.38,0.13,0.13,2.38,-0.13,0,0.0,50.2771,49.7693,49.2614,48.7536,48.2457,47.7379,47.23,46.7222,46.2143,45.7065,45.1986,44.6908,44.1829,43.6751,43.1672,42.6594,41.6437,41.1358,40.628,40.1201,39.6123,39.1044,38.5966,38.0887,False,False,False,False,False,False,False,False,False,False,False,False,False,False,False,False,False,False,False,False,False,False,False,False
QQUP,2025-09-05 04:00:00+00:00,53.27999877929688,53.91999816894531,51.66699981689453,52.1870002746582,30600,2025,9,35,Friday,52.7635,51.994998931884766,0.37,2.47,-0.63,0.37,0.63,0,0.0,51.475,50.9551,50.4351,49.9152,49.3952,48.8753,48.3553,47.8354,47.3154,46.7955,46.2755,45.7556,45.2356,44.7157,44.1957,43.6758,42.6359,42.1159,41.596,41.076,40.5561,40.0361,39.5162,38.9962,False,False,False,False,False,False,False,False,False,False,False,False,False,False,False,False,False,False,False,False,False,False,False,False
QQUP,2025-09-08 04:00:00+00:00,53.61000061035156,53.90999984741211,52.83100128173828,52.85599899291992,65500,2025,9,36,Monday,53.3018,52.1870002746582,1.28,2.73,1.23,1.28,-1.23,0,0.0,51.6651,51.1433,50.6214,50.0995,49.5777,49.0558,48.5339,48.012,47.4902,46.9683,46.4464,45.9246,45.4027,44.8808,44.359,43.8371,42.7933,42.2715,41.7496,41.2277,40.7059,40.184,39.6621,39.1403,False,False,False,False,False,False,False,False,False,False,False,False,False,False,False,False,False,False,False,False,False,False,False,False
QQUP,2025-09-09 04:00:00+00:00,53.459999084472656,53.459999084472656,52.4900016784668,53.20199966430664,67600,2025,9,36,Tuesday,53.153,52.85599899291992,0.65,1.14,-0.69,0.65,0.69,0,0.0,52.3274,51.7989,51.2703,50.7418,50.2132,49.6846,49.1561,48.6275,48.099,47.5704,47.0418,46.5133,45.9847,45.4562,44.9276,44.399,43.3419,42.8134,42.2848,41.7562,41.2277,40.6991,40.1706,39.642,False,False,False,False,False,False,False,False,False,False,False,False,False,False,False,False,False,False,False,False,False,False,False,False
QQUP,2025-09-10 04:00:00+00:00,54.29999923706055,54.95000076293945,53.75,54.220001220703125,59200,2025,9,36,Wednesday,54.305,53.20199966430664,1.91,2.06,1.03,1.91,-1.03,0,0.0,52.67,52.138,51.6059,51.0739,50.5419,50.0099,49.4779,48.9458,48.4138,47.8818,47.3498,46.8178,46.2857,45.7537,45.2217,44.6897,43.6256,43.0936,42.5616,42.0296,41.4976,40.9655,40.4335,39.9015,False,False,False,False,False,False,False,False,False,False,False,False,False,False,False,False,False,False,False,False,False,False,False,False
QQUP,2025-09-11 04:00:00+00:00,54.84000015258789,54.84000015258789,53.84199905395508,54.44599914550781,40100,2025,9,36,Thursday,54.492,54.220001220703125,0.42,1.14,-0.7,0.42,0.7,0,0.0,53.6778,53.1356,52.5934,52.0512,51.509,50.9668,50.4246,49.8824,49.3402,48.798,48.2558,47.7136,47.1714,46.6292,46.087,45.5448,44.4604,43.9182,43.376,42.8338,42.2916,41.7494,41.2072,40.665,False,False,False,False,False,False,False,False,False,False,False,False,False,False,False,False,False,False,False,False,False,False,False,False
QQUP,2025-09-12 04:00:00+00:00,54.608001708984375,55.7400016784668,54.36800003051758,55.542999267578125,23700,2025,9,36,Friday,55.0648,54.44599914550781,2.01,0.3,-0.14,2.01,0.14,0,0.0,53.9015,53.3571,52.8126,52.2682,51.7237,51.1792,50.6348,50.0903,49.5459,49.0014,48.4569,47.9125,47.368,46.8236,46.2791,45.7346,44.6457,44.1013,43.5568,43.0123,42.4679,41.9234,41.379,40.8345,False,False,False,False,False,False,False,False,False,False,False,False,False,False,False,False,False,False,False,False,False,False,False,False
